Reporter Name;Partner Name;Trade Flow;Product Group;Indicator;1988;1989;1990;1991;1992;1993;1994;1995;1996;1997;1998;1999;2000;2001;2002;2003;2004;2005;2006;2007;2008;2009;2010;2011;2012;2013;2014;2015;2016;2017;2018;2019;2020
Afghanistan; World;Export;  All Products;Export (US$ Thousand);;;;;;;;;;;;;;;;;;;;;540065,594;403441,006;388483,635;375850,935;428902,71;514972,983;570534,007;571404,967;596455,337;831926,7718;884504,4964;870488,5125;
Albania; World;Export;  All Products;Export (US$ Thousand);;;;;;;;;211140,4;137681,008;207653,802;351097,824;261475,781;304930,699;330241,497;447220,546;602653,356;658233,171;792629,671;1077690,359;1354921,653;1087914,902;1549955,724;1948207,305;1967918,947;2331521,928;2430723,644;1929657,032;1962117,416;2302318,252;2875859,779;2719428,708;2415632,335
Algeria; World;Export;  All Products;Export (US$ Thousand);;;;;11136801,79;10097665,02;8593806,336;9356680,192;11099222,02;13894123,52;9838587,904;12525276,63;22031287,64;19147619,19;18832409,26;24653655,79;32076791,7;46001735,48;54612721,78;60163160,35;79297591,51;45193920,24;57050973,57;73436306,09;71865748,99;65998137,6;60387689,3;34795951,49;29992101,47;35191117,42;;;
Andorra; World;Export;  All Products;Export (US$ Thousand);;;;;;;;47803,14;46242,984;48000,384;57858,896;42680,6;45329,043;52421,237;63752,333;90155,985;123209,544;;165379,94;150846,157;139099,346;100477,876;92318,968;114022,713;105949,644;98978,051;95157,70705;89501,93495;96912,95867;117965,6118;129448,151;;
Angola; World;Export;  All Products;Export (US$ Thousand);;;;;;;;;;;;;;;;;;;;44177783,07;;40639411,73;52612114,76;66427390,22;70863076,41;67712526,55;58672369,19;33924937,48;28057499,52;34904881,11;42096736,31;34819240,57;
Anguila; World;Export;  All Products;Export (US$ Thousand);;;;;;;;;;;;;4001,297;3200,931;4344,499;4238,995;5748,088;;12237,708;9185,3;11474,54;;;;;;;;;;;;
Antigua and Barbuda; World;Export;  All Products;Export (US$ Thousand);;;;;;;;;;;;14974,068;22519,698;;;;;120636,13;;98628,077;;205701,562;34828,29;29028,024;29006,273;32922,552;23082,464;26045,541;61043,254;62390,60271;25841,08156;37400,1184;
Argentina; World;Export;  All Products;Export (US$ Thousand);;;;;;13117745,15;15838651,39;20962574,34;23809628,16;26430820,35;26433671,17;23332660,08;26341029,19;26610055,34;25709371,11;29938752;34575705,52;40106386,09;46546224,08;55779579,84;70018850,81;55672118,6;68174446,58;82981091,28;79982379,58;75962981,36;68404346,62;56783952,5;57879346,24;58384194,97;61558357,42;65114127,66;54883822,45
Armenia; World;Export;  All Products;Export (US$ Thousand);;;;;;;;;;215273,552;;231666,237;294102,939;335831,375;527203,711;670474,788;722911,5;936977,335;1003961,105;1121222,464;1055012,744;683989,374;1011424,747;1306576,403;1428120,692;1467799,672;1490190,146;1482667,349;1807789,51;2144962,97;2383413,8;2620069,449;2512516,742
Aruba; World;Export;  All Products;Export (US$ Thousand);;;;;;;;;;;;;172999,09;148856,14;128258,862;82190,5;79682,025;106204,9;108964,805;97892,753;100869,319;135747,078;124523,218;151359,633;173060,835;167761,27;116214,26;79882,205;95396,49122;88833,33738;69470,37431;78642,93938;65929,72526
Australia; World;Export;  All Products;Export (US$ Thousand);32205394,05;35761442,36;38781276;40782719,65;42078851;41879201;47253810,04;53000545,49;60206784,51;62816517,16;55808480,39;54534196,03;63766334,25;63288188,61;64984167,27;70288235,4;86484037,75;106011050,7;123324472,7;141181512,4;186853013,6;153899576;212108726,3;269423385,5;256242913;252155105,3;240444683,9;187792151,5;189629974,6;230536736,6;252775516,2;266377225,6;245045964,8
Austria; World;Export;  All Products;Export (US$ Thousand);;;;;;;45072183,3;57582931,97;57830457,34;56713719,81;60856832;59271554,66;63674699,06;66492423,85;73112664,77;89256767,36;110829757,4;117721712,2;134169531,3;156588406,6;172227951,8;131387248;144882002;169511432,5;158820719,3;166273910,3;169712859,5;145275530,3;144700690,2;159970530,8;176991970,6;171532055;162145129
Azerbaijan; World;Export;  All Products;Export (US$ Thousand);;;;;;;;;631244,864;781308,992;606149,44;929225,537;1745251,936;2314282,345;2167500,086;2591719,389;3615449,827;4347151,207;6372164,992;6058319,1;47756229,36;14688727,69;21278419,98;26480188,84;23827186,08;23904108,01;21751737,15;12646293,68;13380818,57;15306018,3;19489068,2;19635202,6;13732637,26
Bahamas, The; World;Export;  All Products;Export (US$ Thousand);;;;;;;;;;181385,696;300320,704;426030,4;554884,272;375881,195;388767,972;364827,363;401310,657;270849,123;509419,838;669976,837;701528,661;584878,552;620143,299;726943,076;828692,195;811465,065;689194,495;442781,375;402712,422;473322,2771;524192,9222;;
Bahrain; World;Export;  All Products;Export (US$ Thousand);;;;;;;;;;;;;6194679,351;5551309,153;5794198,135;6631600,766;7516028,525;10238577,8;11661614,41;13664874,24;13082979,79;8383999,812;16059213,42;22561916,65;16621225,73;20036210,16;23745958,55;13882170,67;10545888,96;12485359,23;14347737,49;14167263,14;
Bangladesh; World;Export;  All Products;Export (US$ Thousand);;1328007,68;1556440,448;1690206,848;1941607,168;2253093,632;;3407241,216;3538509,824;4017455,616;5056914,432;;5493226,431;5388747,139;5417272,534;6403425,621;8267482,023;9331583,363;11696700,5;13142952,93;15506719,18;15558634;19230982,56;24313744,24;24513500,83;24537341,01;;31734162,42;;;;;
Barbados; World;Export;  All Products;Export (US$ Thousand);;;;;;;;;;282927,072;258656,24;250723,52;272834,481;259339,456;215467,866;249762,223;195038,784;361241,724;441213,595;314230,169;454194,737;322725,399;313684,474;508446,402;566438,951;467423,52;480753,438;482751,934;516825,882;485387,9475;457709,7505;444085,369;345206,217
Belarus; World;Export;  All Products;Export (US$ Thousand);;;;;;;;;;;7069717,504;5908927,488;7331059;7450644;8020912;9945588,4;13751699,6;15977220,7;19738543,4;24275244;32570780,5;21304172,9;25283462,3;41418672;46059935;37203035,3;36080536,8;26660394,6;23537354,5;29239993,9;33726141,4;32955122,4;29179441
Belgium; World;Export;  All Products;Export (US$ Thousand);;;;;;;;;;;;178866828,2;187838904,7;190309487;215803005,4;255553660,9;307690419,6;335691778,1;366835492,4;431743842,7;471797820,1;370879193,6;274724245,1;327589023,7;305138320,8;318244235,4;319214138,2;253410706;271231916,6;296556522;323378438,8;311745573,8;296130588
Belgium-Luxembourg; World;Export;  All Products;Export (US$ Thousand);;;;;;;;168153612,3;168343584,8;172699795,5;178615435,3;;;;;;;;;;;;;;;;;;;;;;
Belize; World;Export;  All Products;Export (US$ Thousand);;;;;135938,576;126604,712;142930,384;161680,16;167637,248;176190,656;162217,536;140743,376;200215,099;181888,966;164484,703;201652,345;215764,471;207635,6725;274429,335;266633,572;295057,821;261595,6854;305093,2644;379356,2933;401139,617;413453,886;358429,021;313895,185;246162,629;277584,9601;240911,1581;244908,8362;211872,6823
Benin; World;Export;  All Products;Export (US$ Thousand);;;;;;;;;;;332872,64;225627,216;189795,148;204165,363;241718,935;271525,807;298312,458;288195,509;224593,084;274387,393;421063,805;425347,736;533902,342;388592,197;460338,227;602013,92;968325,892;625002,3845;408742,6528;741989,0941;950955,04;850663,5759;846059,5436
Bermuda; World;Export;  All Products;Export (US$ Thousand);;;;;;;;62929,224;;;;;;;;;;;;;;;;;9624,203;21705,082;11968,501;8622,43;8317,389;11742,16567;22912,42454;26832,55227;19103,50016
Bhutan; World;Export;  All Products;Export (US$ Thousand);;;;;;65820,26;66382,9;;;;108462,968;115950,052;;;;;;258368,29;413886,408;674523,575;521415,383;495846,19;413482,438;452962,797;531227,039;;;;;;;;
Bolivia; World;Export;  All Products;Export (US$ Thousand);;;;;765313,792;808937,6;1124230,528;1181212,032;1086943,36;1272097,664;1323269,376;1401883,454;1456674,073;1352893,069;1371651,407;1650675,074;2254332,274;2797416,74;4223297,829;4812702,195;6899335,997;5296740,089;7051433,163;9213940,072;11990832,24;12371515,9;13034220,24;8923115,383;7258713,169;8367078,52;9110355,631;8933330,988;7032764,188
Bosnia and Herzegovina; World;Export;  All Products;Export (US$ Thousand);;;;;;;;;;;;;;;;1400284,313;1912379;2388483,188;3427781,565;4151965,348;5021082,673;3953920,135;4803108,533;5850078,709;5161808,996;5687463,465;5892102,201;5099185,764;5327578,339;6367922,272;7182096,318;6578243,902;6152512,538
Botswana; World;Export;  All Products;Export (US$ Thousand);;;;;;;;;;;;;2778832,289;2533037,21;2745130,539;3801646,079;3510761,984;4430627,567;4506181,889;5072523,185;4950877,494;3455712,288;4677029,477;5915296,537;6714347,298;7932996,866;8538068,878;6329746,618;7320705,826;5954788,786;6122376,818;5238079,155;4255975,841
Brazil; World;Export;  All Products;Export (US$ Thousand);;34381434,88;31411257,34;31621120;35975315,46;38700838,91;43557826,56;46504931,33;47745933,31;52985810,94;51119869,95;48011410,61;54993153,74;58032294,24;60144460,64;72772250,49;95115400,89;118592084,5;137574211,4;159816180,7;195764624,2;151791674,2;200433952,8;253665436,8;239952538,2;232543660,1;220920757,2;186774916,3;179526127,5;214988108,4;231889523,4;221126807,6;209180241,7
Brunei; World;Export;  All Products;Export (US$ Thousand);;;;;2301218,304;2093947,392;2110309,504;;;2657078,784;2306827,776;;;3508207,36;3565731,84;4144343,04;5069124,801;;7624294,773;7693278,553;10569069,11;7171066,465;8907965,624;12457506,48;13000827,76;11447186,7;10508832,88;6352662,492;4875075,307;5570575,214;6573636,943;7039083,086;6608177,852
Bulgaria; World;Export;  All Products;Export (US$ Thousand);;;;;;;;;4890187,776;4939664,384;4292926,72;3924528,95;4821843,864;5113888,232;5748869,468;7540175,591;9931087,433;11739329,33;15101457,07;18575129,43;22485509,06;16502519,89;20608005,16;28165219,75;26698780,09;29510574,32;29386540,31;25778745,95;26688182,91;31588418,28;33787143,99;33454448,05;31914703,88
Burkina Faso; World;Export;  All Products;Export (US$ Thousand);;;;;;;;170945,472;198571,392;224579,392;246703,686;236441,245;183912,886;188240,936;170550,669;313984,875;392075,092;349268,9181;507092,7469;559518,768;592667,9026;983301,7412;1357916,724;2426984,396;2269841,056;2501358,682;2603577,417;2216983,364;2520012,338;2909370,118;3267574,545;3261104,827;4374631,845
Burundi; World;Export;  All Products;Export (US$ Thousand);;;;;;158262,896;171596,704;178939,376;81775,776;68744,928;86495,76;62412,896;42854,751;42155,84;26559,876;65903,214;82724,709;113755,962;228522,401;156195,39;141785,754;112931,709;118156,4615;197835,657;242699,757;205748,813;141500,677;113790,703;123055,817;149406,4375;169071,1568;180717,2007;161861,5344
Cambodia; World;Export;  All Products;Export (US$ Thousand);;;;;;;;;;;;;1389454,739;1499274,357;1922991,495;2118223,935;2797507,087;3018613,014;3566412,909;3531236,905;4358188,285;4992009,584;5590104,093;6704136,957;5796273,596;6665903,101;6846019,309;8542433,639;10069331,58;11278127,96;12700279,68;14824722,29;17716469,5
Cameroon; World;Export;  All Products;Export (US$ Thousand);;;;;;;;1538718,208;1757868,032;1859308,416;;;1822623,715;1744966,784;1809263,791;2282560,206;2476762,499;2848654,871;3576419,991;4230114,715;2126727,612;1732408,223;3878432,844;2147386,038;4274981,263;4520921,971;5159519,529;4052643,29;2130449,501;6527310,838;3804792,059;;
Canada; World;Export;  All Products;Export (US$ Thousand);;115978240;126899388,4;126783856,6;134462136,3;144631644,2;166254542,8;191117738;202262544,4;216037343,2;214606348,3;238778007,6;277419920,5;261058774,9;252584259,6;272229685,9;317161191,6;360552446,3;388178675,7;419881603,9;455632184,2;315176831,4;386579899,7;450430007,6;454098967,5;456598271;475177176,3;408697323,6;388853141,9;420074382,2;450392396,5;445492736,5;388376909,1
Cape Verde; World;Export;  All Products;Export (US$ Thousand);;;;;;;;;;81534,016;46710,648;50152,72;49282,564;9754,001;10614,631;12462,61;15197,102;89420,818;110285,928;114798,211;;171304,15;220179,508;305754,874;336084,474;69214,77167;80408,5294;66829,27723;60361,08;49935,30254;75270,56606;61879,31293;53090,79339
Cayman Islands; World;Export;  All Products;Export (US$ Thousand);;;;;;;;;;;;;;;;;;;;;;;;;;;;;;;;;22137,75705
Central African Republic; World;Export;  All Products;Export (US$ Thousand);;;;;;91689,168;81451,128;119521,44;115127,528;98583,168;106264,048;110049,48;80096,695;74406,87;56875,137;65497,391;106609,176;110732,404;109836,719;131086,67;114200,54;80531,817;89815,644;103936,772;114177,981;48510,006;20701,225;96853,681;88451,252;196990,9372;54264,098;;
Chile; World;Export;  All Products;Export (US$ Thousand);;;8522023,936;8960062,464;9913288,704;9308256,256;11368678,4;15901136,9;15406822,4;16678189,06;14841618,43;15619179,06;18214503,76;18745414,51;17423088,18;21650905,65;33025406,98;41972988,44;60596327,59;68560429,27;64507601,39;55458960,01;71106105,85;81437589,33;78062994,76;76769729,41;75083496,95;62033060,41;60717528,24;68858401,6;75481713,82;69681396,83;73479930,62
China; World;Export;  All Products;Export (US$ Thousand);;;;;84940013,57;91743944,7;121006260,2;148779499,5;151047454,7;182791585,8;183808983;194930778,5;249202551;266098208,6;325595969,8;438227767,4;593325581,4;761953409,5;968935601;1220059668;1430693066;1201646758;1577763751;1898388435;2048782233;2209007280;2342292696;2273468224;2097637172;2263370504;2486439720;2499206994;2589098353
Colombia; World;Export;  All Products;Export (US$ Thousand);;;;7268634,624;6916042,752;7123438,592;8537516,544;10201048,06;10647555,07;11549019,14;10821222,4;11617030,14;13158400,85;12301486,49;11897488,38;13092218,07;16729677,71;21190438,74;24390975,1;29991332;37625882,07;32852985,84;39819528,64;56953516,09;60273618,17;58821869,99;54794812,02;35690766,59;31044991,24;37766321,06;41831520,22;39489359,46;31055810,66
Comoros; World;Export;  All Products;Export (US$ Thousand);;;;;;;;11024,356;6140,695;5628,31;3937,605;4652,278;7179,964;7687,386;9345,886;6479,267;7907,489;3740,681;2588,695;8533,076;4289,707;12670,14831;14441,846;26742,83322;20611,33038;16596,95139;25676,66599;15469,17753;29825,12123;38411,83871;46214,06065;49024,22072;19795,03607
Congo, Dem. Rep.; World;Export;  All Products;Export (US$ Thousand);;;;;;;;;;;;;;;;;;;;;;;;;;;;8685052,223;7192846,759;12295708,44;20004284,69;13382299,17;14122146,73
Congo, Rep.; World;Export;  All Products;Export (US$ Thousand);;;;;;965338,816;917803,904;1089792,64;;;;;;;;;;;;6293205,516;9169742,429;8201529,531;6917584,947;13823647,48;7437932,502;10453101,91;8673371,012;8622950,446;7900592,412;8251984,388;11155029,32;5575942,32;4893092,487
Cook Islands; World;Export;  All Products;Export (US$ Thousand);;;;;;;;;;;;;;6823,828;5099,7;8611,607;7152,025;5239,418;;;;2746,92;5162,836;3124,692;;;;;;;;;
Costa Rica; World;Export;  All Products;Export (US$ Thousand);;;;;;;2220437,248;2701754,624;2779789,824;3892947,968;5151279,104;6283076,111;5486878,368;4715789,488;4950400,241;5800403,559;5952582,116;7150688,305;7254865,615;8927618,673;9744538,493;8836344,677;9044840,676;10222241,03;11250803,89;11472063,52;11242661,05;9578337,782;9907873,818;11296640,43;11251781,45;11451993,08;11622755,15
Cote d'Ivoire; World;Export;  All Products;Export (US$ Thousand);;;;;;;;3736867,84;4274680,576;4166296,832;4407409,664;4313840,64;3611252,483;3649815,674;4985289,857;5326972,525;6578856,275;7247936,39;8147735,548;8067712,995;9726922,062;10305617,95;10285208,86;11109599,17;10860929,95;13742845,43;12686883,81;12559700,11;10776851,16;12445558,55;11820908,49;12717851,55;
Croatia; World;Export;  All Products;Export (US$ Thousand);;;;;4597484,032;3903808,256;4260363,776;4632655,872;4511729,152;4340856,32;4541103,616;4279690,427;4431597,348;4665908,208;4903584,487;6186630,195;8024156,751;8772552,653;10376964,37;12360221,56;14123674,79;10491835,5;11810676,24;13364022,44;12368983,41;12741618,49;13843899,84;12843529,32;13647534,06;15732485,22;17210469,29;17063049,82;16991280,3
Cuba; World;Export;  All Products;Export (US$ Thousand);;;;;;;;;;;;1495833,377;1676061,811;1664828,512;1421666,315;1676913,024;2332101,252;2318592,231;2980151,743;;;;;;;;;;;;;;
Cyprus; World;Export;  All Products;Export (US$ Thousand);;793037,824;949220,608;951804,544;1005167,296;867296,128;961219,072;1230544,256;1390613,376;1250107,776;1061851,2;997005,504;980554,638;997160,97;837007,019;923135,055;1171483,862;1546373,415;1414865,802;1486412,281;1713315,359;1350948,81;1506457,953;1954770,383;1826017,361;2135207,037;3270257,586;3367019,568;3001461,506;3360377,37;5065369,407;3520899,557;3137095,808
Czech Republic; World;Export;  All Products;Export (US$ Thousand);;;;;;12892198,91;14081443,84;21685565,44;21907320,83;22746343,42;28305768,45;26842601,54;29052866,79;33384210,37;44263575,82;48720350,33;65771586,9;78208547,53;95140986,34;120900492,2;146087028,7;112884321,3;132140913,8;162391721,2;156422742,6;161524152,1;174279451,7;157194122,6;162087332,2;182231360,5;202521577,7;199469710,3;192307379,8
Denmark; World;Export;  All Products;Export (US$ Thousand);;28046196,74;34842796,03;35713056,77;39553110,02;37170991,1;41602367,49;48789127,17;48884543,49;48800432,13;47709990,91;49027809,02;49102286,75;50973842,38;55673560,17;64614226,3;74740558,45;82278145,32;90638722,24;101616124,4;115876232,8;92090687,34;96216730,27;112713338,9;106104022,2;110469532,4;110748921,3;94618816,68;94729013,06;101434430,9;108521449,4;109879084,4;106871154,3
Djibouti; World;Export;  All Products;Export (US$ Thousand);;;;;;;;;;;;;;;;;;;;;;363708,835;;;;;;;;;;;
Dominica; World;Export;  All Products;Export (US$ Thousand);;;;;;48010,424;45228,996;45243,276;51152,72;51930,356;;54316,352;53582,548;43396,107;41901,791;39306,229;41309,285;41782,567;41472,783;36833,306;39993,803;33486,434;34115,972;;37013,221;;;;;;;;
Dominican Republic; World;Export;  All Products;Export (US$ Thousand);;;;;;;;;;;;;;814348,992;5377227,476;5586989,153;6030254,851;6287330,823;6793936,081;7247124,158;6859135,336;5529039,583;4766733,677;6112524,2;7168472,222;7960984,484;9927795,974;9388736,572;9785186,24;10224658,4;10758011,76;11287199,33;9844751,515
East Timor; World;Export;  All Products;Export (US$ Thousand);;;;;;;;;;;;;;;;;105654,155;43450,997;;;;;;;;53136,023;;;;24174,26276;;;
Ecuador; World;Export;  All Products;Export (US$ Thousand);;;;2851399,168;3042286,848;3019999,232;3843350,016;4361497,088;4889830,912;5214140,416;4203045,888;4451080,724;4821869,284;4647491,551;5029750,862;6038498,705;7606121,136;9869356,995;12727796,06;13800363,53;18818325,45;13863049,88;17489921,74;22342523,91;23852016,74;24957644,41;25724432,49;18330607,69;16797664,62;19092352,24;21651955,55;22329378,72;20355361,44
Egypt, Arab Rep.; World;Export;  All Products;Export (US$ Thousand);;;;;;;3472541,696;3444135,424;3534493,184;3907973,888;3195258,88;3500898,56;4693494,106;4140826,361;4662432,417;6159277,492;7680181,846;10645561,79;13719962,86;16167275,33;25966760,91;24182270,18;26331836,03;31582438,77;29417005,56;28779409,06;26812195,96;21852047,72;22973368,86;26434038,49;29483042,04;30632552,9;26815144,69
El Salvador; World;Export;  All Products;Export (US$ Thousand);;;;;;;821796,992;985199,36;1024263,68;1353900,8;1257067,008;1164156,461;2941306,058;2863774,313;2995069,168;3128002,533;3304580,928;3436475,784;3729992,948;4014538,645;4641070,493;3866080,098;4499243,252;5308179,072;5339088,393;5519300,084;5301546,008;5509047,69;5420132,897;5760015,207;5905411,211;5904956,424;5028313,772
Eritrea; World;Export;  All Products;Export (US$ Thousand);;;;;;;;;;;;;;;;6618,76;;;;;;;;;;;;;;;;;
Estonia; World;Export;  All Products;Export (US$ Thousand);;;;;;;;1840378,24;2077993,472;2935698,944;3244834,048;3017194,127;3829703,514;3996831,79;4341041,344;5629181,51;6530529,159;8247444,129;10039366,95;11739446,69;13703857,64;10445840,39;12811364,48;18139131,43;18161223,71;18284136,37;17465559,81;13907609,95;13967429,43;15387735,46;17851477,71;16807408,47;16922315,79
Eswatini; World;Export;  All Products;Export (US$ Thousand);;;;;;;;;;;;;889313,066;781588,16;1086820,422;1654597,162;2138809,378;1277781,806;1462821,74;1113277,851;1116525,177;1313627,859;1539228,25;2472871,427;1844838,445;2033625,822;2011159,072;1820498,384;1716356,4;1801000,657;1842438,001;2001636,601;1752113,942
Ethiopia(excludes Eritrea); World;Export;  All Products;Export (US$ Thousand);;;;;;;;421935,072;;553974,976;560282,816;448578,976;482293,6879;386374,9145;417009,8255;512103,9791;614850,4948;1011229,586;967140,8934;747191,4643;866943,312;938111,8099;1372247,647;1809380,413;1984734,051;1866995,119;2312018,168;2023552,443;1988502,93;2305900,978;1548554,592;2683752,373;2533277,229
European Union; World;Export;  All Products;Export (US$ Thousand);;;;;;;;;;;;;781049747,1;791646442,9;861290940,4;1006640772;1209679685;1345822645;1499993289;1757322862;2026062969;1600133814;1805984619;2177818289;2179089558;2311656430;2260956348;1983791218;1930052583;2120739381;2308895303;2279501844;2174753359
Faeroe Islands; World;Export;  All Products;Export (US$ Thousand);;;;;;;;;422306,496;383610,688;430419,552;477880,406;476729,053;521707,282;542029,275;599298,534;620097,024;601764,406;630967,18;746230,393;852090,544;761743,826;;;;;;;;;;;
Fiji; World;Export;  All Products;Export (US$ Thousand);;;;;;;;;;;;;465940,021;460582,117;522580,368;503139,384;552813,56;701701,255;678907,787;745733,491;921911,052;628674,985;841361,398;1069470,694;1220602,428;1107989,82;1373264,431;895159,986;922037,487;1036149,194;1006818,442;965150,1376;826234,8068
Finland; World;Export;  All Products;Export (US$ Thousand);21662210,05;23270098,94;26649989,12;23017195,52;23952158,72;23473397,76;29761130,5;40408522,75;40561508,35;40980000,77;43210153,98;41765477,9;45474931,21;44300007,65;44517737,83;52509302,88;60918355,3;65238316,35;77279102,96;89798884,88;96896070,52;62860482,54;70116501,48;78794218;72974489,14;74445385,64;74338833,53;59682311,21;57325871,72;67280640,85;75258290,46;72839176,01;65606975,84
Fm Sudan; World;Export;  All Products;Export (US$ Thousand);;;;;;;;685193,216;273146,208;490447,04;534651,712;222063,84;1898947,145;1819744,601;1243229,314;2606676,168;3611837,006;4502541,103;5252572,793;8942632,957;11809416,53;7505948,876;11529254,97;8981722,935;;;;;;;;;
France; World;Export;  All Products;Export (US$ Thousand);;;;;;;233307193,3;284045606,9;283901198,3;283345616,9;300571066,4;296025161,7;295345419,5;289599104,8;304891879,4;358131717,3;413708421,6;434354245,1;479012852;539730711,5;594504995;464112811;511651042,7;585723823,8;558460545,5;567987697,5;566656165,4;493941214,2;488885072,4;523385133,3;568535879,8;556364114;488562445,8
French Guiana; World;Export;  All Products;Export (US$ Thousand);;;;;;;148860,192;158168,032;;;;;;;;;;;;;;;;;;;;;;;;;
French Polynesia; World;Export;  All Products;Export (US$ Thousand);;;;;;;;;251155,12;221642,624;252081,76;248894,452;222528,632;175563,339;166790,524;149899,561;185312,113;210286,56;186315,623;167046,65;206680,941;148270,991;153190,887;149817,861;139032,342;151488,051;170097,225;130193,767;199520,5605;169175,121;155313,1986;142134,4454;80621,36082
Gabon; World;Export;  All Products;Export (US$ Thousand);;;;;;2637019,136;2391037,952;;3145602,816;2631111,668;2602773,532;2072117,903;2601484,084;2520872,259;2411129,826;2826852,075;2776202,033;5068411,758;6015409,905;6302024,82;9565944,258;5355977,813;;;;;;;;;;;
Gambia, The; World;Export;  All Products;Export (US$ Thousand);;;;;;;;18737,044;12829,97;8648,743;25635,162;12287,982;16130,30171;8920,474368;17316,00981;2689,160522;17152,49859;4600,450235;10226,55309;12163,63593;11843,9863;34804,46783;65111,29531;95533,56444;118765,0527;106997,4063;104566,7219;83324,01523;34290,9371;13807,872;11428,46487;24602,27089;25860,0142
Georgia; World;Export;  All Products;Export (US$ Thousand);;;;;;;;;198765,52;239786,24;192322,512;238166,192;322748,68;317636,108;345933,475;461405,611;646902,963;865454,199;935139,221;1232361,132;1497484,598;1133629,367;1677298,831;2186407,408;2376634,36;2910581,723;2861043,298;2204180,673;2117143,433;2745736,005;3379725,037;3798330,238;3343442,92
Germany; World;Export;  All Products;Export (US$ Thousand);323196113;341098833;398381175;402532045;430276307;380074808;427100056;523696751;524165984,2;512440270,8;543555256,3;542835572,7;549606741;571426720;615997391;748531267;911742096;977131972;1121962887;1328841354;1457462950;1125844048;1267743109;1483802558;1412396694;1450937515;1498238432;1328500249;1337236558;1446642435;1562418816;1493266564;1385852260
Ghana; World;Export;  All Products;Export (US$ Thousand);;;;;;;;;2466951,168;1634695,808;1157985,152;1269734,144;1574112,997;1038374,515;;2324299,058;2450542,925;3059743,451;3613993,659;3533792,022;4032926,528;5070533,314;5233153,667;18146652,69;15761184,04;12643899,38;15504399,18;13755564,94;10655796,41;14358509,95;17099588,4;16768275,19;
Greece; World;Export;  All Products;Export (US$ Thousand);5430287,36;7543195,136;8059650,048;;9838260,224;8783706,112;9398983,808;10954619,9;11879593,98;11166989,31;10867735,55;11035073,89;10847422,72;10402391,19;10327361,39;13655065,87;15246705,8;17434446,63;20942761,76;23504156,36;31127436,55;24236625;27585695,54;33377038,76;35151146,15;36261644,04;35755371,47;28289236,58;27810924,84;32154816,41;39490521,44;37885526,5;35070461,61
Greenland; World;Export;  All Products;Export (US$ Thousand);;;;;;;306741,44;363642,624;369210,144;285208,064;255289,392;289458,589;271329,233;267738,063;305370,451;348555,549;364793,319;402039,627;409834,41;431128,933;490155,529;373288,4923;388639,9591;493671,0407;477771,2563;541821,1169;556510,023;406301,6799;575333,168;595837,1902;640897,3436;;
Grenada; World;Export;  All Products;Export (US$ Thousand);;;;;;22416,236;23346,31;21738,262;19773,284;25964,948;40593,068;36320,656;75844,014;58638,839;38261,84;40192,364;31574,496;27644,855;25370,551;33410,869;30538,19;;24914,82175;31326,42016;38048,41566;41233,7284;36480,16759;33319,41261;35105,04193;30518,15207;37746,08559;34481,18683;24620,48271
Guadeloupe; World;Export;  All Products;Export (US$ Thousand);;;;;;;152258,576;161973,776;;;;;;;;;;;;;;;;;;;;;;;;;
Guatemala; World;Export;  All Products;Export (US$ Thousand);;;;;;1338216,704;1502445,056;1935511,424;2030728,576;2344078,592;2581669,632;2458210,035;;2411677,538;2461566,066;2634520,456;2928354,419;5380815,602;3198083,858;6898539,854;7736696,571;7208585,98;8460152,695;10161041,02;10124554,73;10065328,6;10890690,74;10677394,46;10591329,6;11011391,4;10863483,94;11289176,12;11658469,04
Guinea; World;Export;  All Products;Export (US$ Thousand);;;;;;;;701860,8;709236,8;684462,72;562858,688;473871,648;529465,775;572781,49;526592,961;;628664,123;795731,59;770490,807;1058982,94;1430535,075;;;;;1780483,526;1946667,588;1573675,202;2394528,521;;;;
Guinea-Bissau; World;Export;  All Products;Export (US$ Thousand);;;;;;;;;;;;;;;;61366,793;54124,875;23244,874;;;;;;;;;;;;;;;
Guyana; World;Export;  All Products;Export (US$ Thousand);;;;;;;;;;536224;501588;474202,88;520409,508;481230,729;446519,993;473312,929;544687,101;538651,704;567384,899;784713,505;830214,277;788385,151;900754,248;1178649,002;1436600,004;1375940,09;1174049,913;1169367,267;1452631,561;1789689,908;1379502,042;1565723,06;2813852,541
Honduras; World;Export;  All Products;Export (US$ Thousand);;;;;;;614047,552;656010,624;1315997,312;1445698,432;1532791,424;1164394,368;1358695,476;1148561,328;965426,618;991971,868;1194415,061;1294424,886;1879660,736;2391439,379;;2595325,387;3103682,949;3533561,031;4696173,655;;4533347,641;4201473,381;4084641,916;4970144,396;4486630,182;3091163,099;
Hong Kong, China; World;Export;  All Products;Export (US$ Thousand);;;;;;135384571,9;151465115,6;173870759,9;180914323,5;188201254,9;174863532;174402748,4;202710086,4;191067244,2;201927773,3;228708303,2;265605541,5;292118674,2;322668792;349385575;370241818,7;329421935;400692015,2;455573380,1;492907471,5;535186743;524064898,6;510552778,6;516588130,9;549861455,2;569105739,7;535711018,9;551515755,9
Hungary; World;Export;  All Products;Export (US$ Thousand);;;;;10054975,49;8240058,88;10699843;12452023,3;12632794,11;19099193,34;23005022,21;25012186;28092242;30497719;34336583;43003656;55468212;62271839;74055406;94590870;108211166;82571847;94748737;111216834;102829804,3;108014637,5;112536243,8;100296847,3;103009508,3;113382077,4;123957885;122180657,7;119970720,5
Iceland; World;Export;  All Products;Export (US$ Thousand);1502816,128;1401221,12;1586388,48;1571450,24;1527075,2;1399322,88;1626667,264;1802505,472;1897081,344;1851417,344;1931225,472;2009715,84;1900881,302;2017107,901;2229304,922;2380474,793;2889862,538;3090525,571;3453146,167;4772043,014;5355429,839;4056961,689;4603089,478;5348791,18;5063441,687;4997710,433;5051299,749;4721984,946;4449729,754;4882605,885;5561475,841;5228360,517;4580415,49
India; World;Export;  All Products;Export (US$ Thousand);13872437,25;17045031,94;17940183,04;17899886,59;20711291,01;22236917,76;26330005,5;31698567,17;33468591,19;34793750,53;33207324,67;36919977,14;42358096,16;43878488,72;50097958,25;59360659,09;75904200,37;100352636,5;121200606,2;145898053,5;181860898,3;176765036,3;220408496;301483250,2;289564769,4;336611388,8;317544642,3;264381003,6;260326912,3;294364490,2;322291568,4;323250726,4;275488744,9
Indonesia; World;Export;  All Products;Export (US$ Thousand);;22028109,82;25675323,39;29142360,06;33966981,12;36822753,28;40053415,94;45417963,52;49814695,94;53443579,9;48847519,74;48665419,48;62124006,94;56316866,7;57158751,15;61058187,39;71582468,12;85659947,5;100798615,7;114100872,8;137020424,4;116509991,8;157779103,5;203496619,2;190031839,2;182551754,4;176036194,3;150366281,3;144489796,4;168827554;180215034,4;167682995,1;163191837,3
Iran, Islamic Rep.; World;Export;  All Products;Export (US$ Thousand);;;;;;;;;;18425255,7;13241061,98;20008248,71;28345000;23904000;28186000;33788000;44628000;60012000;63247000;;;;83785000;130544000;;92122799,95;90328134,77;60040642,11;83148194,18;105844085,7;96617521,28;;
Iraq; World;Export;  All Products;Export (US$ Thousand);;;;;;;;;;;;;;;;;;;;;;;;;;;84506036,57;;;;;;
Ireland; World;Export;  All Products;Export (US$ Thousand);;;;;28334530,56;28856508,42;34395123,71;43789340,67;45565353,98;53619650,56;64246931,46;71226728,45;76261885;82972822,11;88478828,64;93038463,77;104308434,7;110003088,5;108762824,4;122232810,7;127111345,3;116894674,2;120645180,5;129657903,3;120208957,8;118447211,7;123071289;124730515,4;132009760,4;138072213,3;167017887,8;170743382,6;184130805,6
Israel; World;Export;  All Products;Export (US$ Thousand);;;;;;;;19047421,95;20510238,72;22502975,49;23303550,98;25839935;31407370;29061770;29511398;31782744;38620084;42770660;46791913;54091395;61337485;47934614;58413028;67796328;63140635;66781207;68965008;64062217;60570596;61150141;61906412;58488466;50153246
Italy; World;Export;  All Products;Export (US$ Thousand);;;;;;;190004543,5;230441484,3;252098576,4;238265778,2;242102206,5;234962950,6;238651235,6;242640592,2;252238686,1;296907925,9;350902540,9;370180742,6;416848746,6;499871158,5;542727534,9;406900260,1;446839829,7;523256296,2;501528850,9;518095102,5;529528733,5;456988625,5;461667625,4;507430236,3;549906995,7;537748428,8;498803832
Jamaica; World;Export;  All Products;Export (US$ Thousand);;;;1150726,272;1050375,936;1075372,416;;;1386874,368;1386105,728;1316300,544;1239399,04;1307598,876;1223116,443;1104075,111;1194471,256;1405493,527;1514467,023;1988807,945;2223961,348;2438809,719;1316037,052;1327601,926;1622859,783;1711790,055;1569116,558;1451889,126;1262584,854;1201786,561;1309718,443;1960739,707;1651161,084;1218398,772
Japan; World;Export;  All Products;Export (US$ Thousand);264916746,2;275174555,6;286947442,7;314525384,7;339650781,7;360911077,4;395599904,8;442937344;410946928,6;421052874,8;388136140,8;417610124,9;479275540,1;403344076,9;416729388,4;472006874;565761136,6;594940865,8;646725058,6;714327036,5;781412163,3;580718733,7;769773832,5;823183758,6;798620022,6;715097244,3;690217466,3;624873508,1;644932439,5;698131223,7;738195054,9;705671082,8;641282568,4
Jordan; World;Export;  All Products;Export (US$ Thousand);;;;;;;1424326,912;1768849,664;;1576327,936;1382345,088;1820777,6;1897487,755;2294435,873;2770023,012;3081629,608;3891117,167;4284168,675;5166644,982;5700016,552;7781764,523;6365744,224;7023137,455;7963486,078;7877135,557;7919620,755;8385330,134;7832976,598;7509082,521;7469238,451;7750262,863;8312916,561;7943244,774
Kazakhstan; World;Export;  All Products;Export (US$ Thousand);;;;;;;;5226721,87;5896832,85;6486645,811;5206923,418;5871274,796;8679362,2;8485515,4;9642683;12915946,5;20079042,63;27846084,84;38244423,1;47747902,4;71171956,16;43195762,04;57244063,94;88107933,67;92281520,63;84698536,27;79458749,15;45954426,05;36775323,4;48502738,96;61109053,21;57722940,9;46949204,3
Kenya; World;Export;  All Products;Export (US$ Thousand);;;;;1361698,944;;;;;1959424,512;1916634,752;1650920,778;1571043,386;1520119,132;1400699,994;2551148,135;2683309,047;3419900,763;3501655,656;4080799,73;5000948,541;4463443,078;5169111,916;;;5536952,633;;5906821,406;5697559,391;5747414,82;6050420,682;5836255,974;6023441,806
Kiribati; World;Export;  All Products;Export (US$ Thousand);;;;;;;;7191,233;4859,792;5112,97;5543,8;9077,401;;;;;;3573,33;;10143,5;7517,744;6275,811;3893,963;8597,627;5815,501;6674,917;10158,52791;10008,70944;11253,5501;15246,55549;8186,253089;;9271,010438
Korea, Rep.; World;Export;  All Products;Export (US$ Thousand);60567859,2;62356678,86;65015704,32;71869964,29;76631449,6;82232115,2;96007667,71;125056450,6;129712545,8;136151023,6;132302323,7;143685399,4;172267495,4;150430885,7;162466097,1;193817313,7;253844608,9;284418167,2;325457247,3;371477103,6;422003479,1;363531063,4;466380619,7;555208898;547854448;559618558,9;573074773,1;526753006,4;495417715,6;573627368,9;604807317,4;542171769,1;512709856
Kuwait; World;Export;  All Products;Export (US$ Thousand);;;;;;;;;;;;;19399475,51;16164756,73;15406421,03;20638164,29;28647976,84;;56003316,72;62691155,98;87457022,36;;62698237,01;102695762,5;;114404079,4;101131954,6;54120957,09;46235357,01;54991871,28;71941444,56;64482096,62;40166147,34
Kyrgyz Republic; World;Export;  All Products;Export (US$ Thousand);;;;;;;;412041,28;507070,144;;;;504489,179;476151,634;460307,099;581728,886;718716,837;672013,688;794067,447;1134181,27;1617561,433;1178273,614;1488400,507;1978932,373;1683236,842;1773228,304;1819460,143;1441467,621;1423028,427;1757463,67;1835179,371;1986109,552;1863531,157
Lao PDR; World;Export;  All Products;Export (US$ Thousand);;;;;;;;;;;;;;;;;;;;;;;1908744,656;1898021,883;1597135,45;2987771,796;2572201,001;2985095,357;3124168,977;4909733,655;5814806,369;5809346,161;5086886,923
Latvia; World;Export;  All Products;Export (US$ Thousand);;;;;;;989689,664;1305006,592;1443301,376;1671602,048;1811128,064;1723793,807;1869272,919;2000733,101;2284417,388;2893681,287;4378646,882;5302744,686;5891472,502;7893151,481;9280774,291;7171469,774;8850801,231;11988196,2;12685521,52;13324704,65;13782781,94;11649939,89;11607295,07;13189947,23;15064999,86;14447101,7;15196527,24
Lebanon; World;Export;  All Products;Export (US$ Thousand);;;;;;;;;;642229,248;660939,84;676761,28;714340,424;889296,93;1045493,207;1523934,413;1744957;1879013;2282513,738;2816320,674;3478305,474;3484154,763;4254184,915;4266856,015;4446163,434;3937065,938;3312205,568;2953388,64;2976561,583;8739069,383;2952759,932;3731340,091;3807461,182
Lesotho; World;Export;  All Products;Export (US$ Thousand);;;;;;;;;;;;;336165,165;279594,271;357951,192;478931,979;968402,491;;;;244659,785;628127,619;503303,159;770117,731;678192,781;349994,3352;818116,2302;603764,58;638298,7404;673150,8377;706099,6398;646049,1942;832777,0854
Libya; World;Export;  All Products;Export (US$ Thousand);;;;;;;;;;;;;;;;;;;;32503486,81;44696436,41;27255515,05;36440413,73;;;;;;20135528,26;20135528,26;30040892,18;;
Lithuania; World;Export;  All Products;Export (US$ Thousand);;;;;;;2029000;2705662,208;3356355,072;3862455,552;3710731,52;3003828,561;3809411,167;4583049,51;5475632,489;7162432,963;9302608,608;12070443,66;14135189,84;17162395,78;23769895,31;16496339,33;20813922,63;28068648,24;29652662,13;32599742,78;32394296,29;25411022,24;25022652,47;29349549,37;33334576,74;33150771,9;32837539,06
Luxembourg; World;Export;  All Products;Export (US$ Thousand);;;;;;;;;;;;7673970,126;7876174,863;8259975,15;8592956,315;9987082,177;12167836,19;12714922,01;14183095,73;16197286,68;17380796,72;12542132,52;13911259,2;16307879,41;13726902,68;13826005,99;14790882,96;12625702,67;12838381,07;11517510,52;15148367,37;14667446,91;13506053,45
Macao; World;Export;  All Products;Export (US$ Thousand);;;;1688952,064;1786088,448;1796751,872;1872180,224;2024681,088;2100014,464;2282087,168;2134607,36;2196667,904;2652958,737;2370514,688;2455065,78;2616417,145;2812058,125;2295983,185;2297736,094;2542428,047;1998152,545;718785,902;521166,5206;869951,611;1020521,467;;1240029,46;1339012,62;1256603,099;;1161004,084;1023983,031;1024581,53
Madagascar; World;Export;  All Products;Export (US$ Thousand);;;292420,992;295377,792;268887,744;261727,12;326612,992;359872,512;299049,408;277755,424;234558,096;232759;861932,001;947617,72;667443,725;979047,217;971194,379;835889,826;1008158,415;1343309,421;1667400,686;1095897,922;1082167,741;1259683,023;1224513,561;1626888,977;2243189,647;2164461,193;2261351,178;2851663,746;3133017,751;2688948,367;1959950,995
Malawi; World;Export;  All Products;Export (US$ Thousand);;;411561,12;482986,4;;;337086,592;433343,584;;;;438409,6;379292,364;449409,88;377517,323;502430,472;458703,139;495489,749;666217,29;868559,184;878999,252;1187916,827;1066203,666;1425289,318;1182865,708;1207984,154;1341897,681;1080100,821;1022154,001;883851,9858;879974,4729;912832,3758;780745,0383
Malaysia; World;Export;  All Products;Export (US$ Thousand);;25048246,27;29453209,6;34347755,52;40768495,62;47127175,17;58842644,48;73778151,42;78314872,83;78729420,8;73254223,87;84511901,59;98229725,8;88004108,1;93282453,15;104968562;126639700,6;141624045,9;160669230,6;175961862,7;198702474,8;157194831,5;198790690,7;226992682;227449499,5;228316107,5;234134976,9;200210871,9;189414073,2;217722507,5;248711690;240211905,7;234050267,5
Maldives; World;Export;  All Products;Export (US$ Thousand);;;;;;;;49804,38;59404,352;70214,168;74625,744;63951,212;76195,782;76688,392;90756,518;112962,652;169740,947;154174,655;135603,308;108170,984;126363,406;76665,464;74202,946;121993,061;161606,754;166504,976;144839,922;144172,352;139592,79;199345,2794;181711,4011;158015,4782;
Mali; World;Export;  All Products;Export (US$ Thousand);;;;;;;;;409521,792;302353,152;446843,808;501750,24;472920,393;712872,539;852176,849;1007432;987483,075;1075106,506;1526125,03;1440624,796;1918264,275;;1996261,29;2374496,601;2610386,505;;;;2847593,565;1902730,073;3633806,9;3643236,512;
Malta; World;Export;  All Products;Export (US$ Thousand);;;;;;;1557655,936;1913218,048;1747885,952;1644257,28;1832752,768;1979632,128;2442762,625;1758218,235;2126266,232;2466970,737;2631727,83;2430591,661;2847260,492;3158339,102;3028516,49;2280269,219;3716753,993;5278693,591;5646270,198;5206239,197;4970788,422;3915447,978;4038642,974;4077731,852;3868514,079;4142922,135;2674923,341
Martinique; World;Export;  All Products;Export (US$ Thousand);;;;;;;218604,24;241915,488;;;;;;;;;;;;;;;;;;;;;;;;;
Mauritania; World;Export;  All Products;Export (US$ Thousand);;;;;;;;;;;;;342806,822;346908,751;319914,224;320791,677;435221,648;556397,355;;1353710,449;1627127,555;1386576,405;1818730,529;2457998,771;2623807,385;2462517,241;2139810,563;1831727,139;1622761,598;1989430,771;2051854,543;2266469,717;2828804,807
Mauritius; World;Export;  All Products;Export (US$ Thousand);;;;;;1467088;1348009,472;1538284,672;1699367,424;1600096,256;1700374,528;1562475,473;1490666,268;1588614,446;1755597,246;1880801,862;2004667,777;2143866,231;2333369,314;2228669,209;2401466,187;1765792,104;1849522,324;2255420,859;2257737,34;2341299,219;2662998,582;2481092,714;2197276,402;2102621,814;1987672,863;1876368,427;1543610,037
Mayotte; World;Export;  All Products;Export (US$ Thousand);;;;;;;;;;;;;2754,154;3504,403;6054,723;4995,633;3947,431;5211,834;7401,875;7813,272;7742,338;6780,235;;;;;;;;;;;
Mexico; World;Export;  All Products;Export (US$ Thousand);;;26344665,09;26956705,79;46194884,61;51886415,87;60618563,58;79540658,18;95661170,69;110046904,3;117325348,9;136262811,6;166294339,5;158386216,9;160750540,2;164906508,8;187980442,5;214207305,6;249960545,5;271821215,4;291264808,8;229712337,3;298305075,1;349326581,7;370642551,9;379949273,1;396890473,2;380556088,7;373953613,8;409396273,7;450684024,6;460603695,8;416982170,5
Micronesia, Fed. Sts.; World;Export;  All Products;Export (US$ Thousand);;;;;;;;;;;;;;;14441,104;18206,369;14002,604;12984,435;8922,341;16189,64;21193,756;18318,508;22738,754;36693,832;45090,13;27621,441;;;;;;;
Moldova; World;Export;  All Products;Export (US$ Thousand);;;;;;;565998,4;745527,168;794994,752;567758,895;631815,36;464166,496;471534,737;568126,635;643905,065;790296,669;985173,195;1091254,57;1051600,71;1341797,788;1591416,136;1282980,994;1541486,761;2216814,952;2161879,421;2428303,313;2339529,843;1966837,314;2044610,956;2425118,752;2706818,216;2779164,783;2467106,513
Mongolia; World;Export;  All Products;Export (US$ Thousand);;;;;;;;;424266,88;451434,112;345071,808;358194,368;535600,146;523223,393;;615867,136;856009,381;1064384,73;1542321,443;1886552,768;;;;;;4269055,846;5774330,896;4669280,457;4916326,458;6200592,952;7011757,685;7619753,9;7576310,835
Montenegro; World;Export;  All Products;Export (US$ Thousand);;;;;;;;;;;;;;;;;;;556459,015;626289,117;616616,1;387540,282;436575,412;627531,806;468788,331;494375,744;440658,741;353079,512;355060,3739;420870,8879;465997,3575;463202,279;409845,5855
Montserrat; World;Export;  All Products;Export (US$ Thousand);;;;;;;;;;;;1254,6;1118,132;722,396;1411,573;1774,314;4238,596;1441,547;1310,931;2701,107;4060,34;3148,45;;;1790,74;5961,69;3375,96;3335,840857;4013,764183;5985,09963;5756,510275;5588,372669;5713,781631
Morocco; World;Export;  All Products;Export (US$ Thousand);;;;;;3695944,96;4034587,392;4718877,184;4741999,616;4674169,856;7155267,072;7502914,56;7431840,768;7144078,848;7850325,933;8777235,497;9922668,929;11184846,95;12530623,64;14607345,57;20305697,95;14068939,73;17764791,26;21649934,08;21417184,36;21965433,27;23815815,61;22336547,29;22858288,52;25624297,85;29360137,41;29582399,08;27702724,58
Mozambique; World;Export;  All Products;Export (US$ Thousand);;;;;;;163977;174295;226085;229624,775;;;363962;703133,599;809812,034;1043912,538;1503846,229;1745256,187;2381131,616;2412078,629;2653259,648;2147169,453;2243068,881;3604118;3469851,707;4023718,958;4725331,362;3230743,672;3352109,245;4718518,271;5195579,533;4722313,202;3460032,909
Myanmar; World;Export;  All Products;Export (US$ Thousand);;;;;449383,68;;;;;;;;;;;;;;;;;;8873435,869;8127869,283;9053439,163;11436327,74;11451860,54;11431792,16;11672717,46;13878764,49;16694858,19;18105885,85;16929247,37
Namibia; World;Export;  All Products;Export (US$ Thousand);;;;;;;;;;;;;1317274,487;1362661,684;1273578,984;1289093,89;2544641,893;2725998,937;3375926,731;4040273,925;4729337,437;5870619,65;5848291,95;5900940,853;5376995,496;6337215,726;5983840,058;4628291,751;4815846,406;5229360,925;7488296;6256147,591;5600210,898
Nepal; World;Export;  All Products;Export (US$ Thousand);;;;;;;384838,816;;;;408728,512;524294,592;708773,952;;;652694,661;;;;;;885999,101;874201,149;907633,694;870663,034;863257,579;900858,622;660181,989;728846,4401;740742,9144;781142,7566;959628,5208;
Netherlands; World;Export;  All Products;Export (US$ Thousand);;;;;139934269,4;131143254;145825202,2;177626234,9;177368498,2;184433197,1;167595524,1;170538253,2;213424403,5;216157868,9;219820522,4;264796481,6;318040302,6;349813022,7;400685883,2;477640553,5;545853405,3;431502452,5;492645871,6;569357970,9;552501891;575111978,7;575677265,5;464697216,5;468176328,1;527907822,3;587852283,6;576784455,4;551352792,3
Netherlands Antilles; World;Export;  All Products;Export (US$ Thousand);;;;;;;;;;;;;;;;;;90936,919;129272;116110,301;146230,267;;;;;;;;;;;;
New Caledonia; World;Export;  All Products;Export (US$ Thousand);;;;;;;;;;;;394798,912;635477,184;;408884,36;728575,673;1008778,078;1113887,828;1135375,007;1647802,877;1632085,272;2082815,178;1267587,872;1657544,479;1292925,497;1237436,478;1618988,611;1238945,615;;;;;
New Zealand; World;Export;  All Products;Export (US$ Thousand);;8867268,608;9469856,768;9745526,784;9829970,944;10558159,87;12185476,1;13745415,17;14354259,16;14085868,54;12087535,62;12473943,87;13297426,42;13729685,05;14382443,91;16526851,37;20344022,6;21728543,96;22409180,13;26930933,47;30577985,23;24932601,21;31392977,52;47700295,66;37304685,39;39443065,54;41619847,77;34357335,12;33731328,47;38050286,2;39796999,05;39540558,22;38877144,4
Nicaragua; World;Export;  All Products;Export (US$ Thousand);;;;;;267492,08;351107,264;509210,752;660182,4;666607,296;552822,912;508482,031;629351,131;532239,546;558704,717;605203,613;759846,69;866022,81;758641,9;1194541,019;2537600;1393053,781;1847628,973;2280871,939;4550646,986;4594148,472;4973501,433;4667365,609;4591961,799;4925581,178;5013907,57;5272553,121;5087337,72
Niger; World;Export;  All Products;Export (US$ Thousand);;;;;;;;273417,184;388319,808;329179,712;336788,8;293887,168;224038,034;211268,937;198995,903;228721,296;399780,462;485723,498;469971,95;627074,829;1025554,314;628011,881;483502,133;1080650,285;1379849,56;1337151,358;1049677,035;789770,313;929914,6999;1992358,403;1564627,863;855080,2246;1245559,026
Nigeria; World;Export;  All Products;Export (US$ Thousand);;;;;;;;;11393896,39;11163923,37;6868921,344;16123503,62;27080017,68;18046400,03;18607402,04;24077148,07;;;59215233,33;53963110,73;81820518,37;49937459,61;86567912,53;125641031,2;143151182,8;90554484,84;102878499,7;48433351,37;32883045,47;44466366,76;62399742,74;53617812,19;34900471,09
North Macedonia; World;Export;  All Products;Export (US$ Thousand);;;;;;;1086334,208;1204036,608;1147436,672;1236803,584;1310675,456;1191261,568;1322617,046;1155068,196;1115526,799;1363251,751;1673487,089;2041265,162;2400714,689;3356247,733;3978230,738;2691528,007;3351429,481;4478313,344;4015402,908;4298765,881;4964132,18;4530076,213;4784604,593;5682803,081;6906336,855;7195140,901;6633215,704
Norway; World;Export;  All Products;Export (US$ Thousand);;;;;;31903872,54;34743529,47;41740320,77;48954961,92;48549838,85;40401838,08;45479329,79;59907536,45;59217129,17;59534883,76;67944290,59;82485229,54;103759174,5;122200204,2;136357020,7;173221368,8;114675479,6;130656792,4;160409821,5;160952207,4;155350552,8;144611289,8;103785482,3;89628326,85;101976020,2;123040316,9;104029881,5;82748920,96
Occ.Pal.Terr; World;Export;  All Products;Export (US$ Thousand);;;;;;;;;;;;;;;;;;;;512982,82;558445,998;518355,482;575512,917;745661,492;782368,754;900617,856;943717,389;957810,868;926498,977;1064884,139;1155634,05;1103808,374;1054620,844
Oman; World;Export;  All Products;Export (US$ Thousand);;3932778,752;5504418,816;4873507,328;5451159,552;5299510,272;5418297,344;5917388,8;7221942,784;7630663,168;5518813,696;7230925,824;11318065,76;11073950,29;11237018,6;12196357,81;13380753,02;18691545,78;21585732,78;24691545,24;37719141,06;27650631,07;36599577,12;47091872,61;52138225,68;55497131,21;53220765,27;35686298,63;30013599,55;32904047,21;41762284,85;38723580,35;33479358,82
Other Asia, nes; World;Export;  All Products;Export (US$ Thousand);;;;;;;;;;122080378,9;112593829,9;121495887,9;148316104,3;122865858,3;130602440,1;150600177,7;174316262,9;189393122,1;224011893,3;246331459,8;244361397;203493849,5;273705866,3;306997986,1;300621665,7;303726395,5;313563342,4;280019266,8;280478676,1;317663172,1;335743566,7;329483858,3;347194556,4
Pakistan; World;Export;  All Products;Export (US$ Thousand);;;;;;;;;;;;;;;;11930076,04;12585423,64;16050200,73;16932873,21;17838406,58;20279045,86;17554698,48;21413102,68;25343768,66;24613675,62;25120883,2;24722182,15;22089018,06;20533792,83;21877787,16;23630892,98;23748680,25;22237163,37
Palau; World;Export;  All Products;Export (US$ Thousand);;;;;;;;;;;;;;;;;;;;;;;;;8999,371;;11400,373;6384,671;6539,681;6419,75986;8620,90805;;
Panama; World;Export;  All Products;Export (US$ Thousand);;;;;;;;577208,256;569200,128;658051,392;705456,704;707130,402;779075,431;809045,459;759613,136;804989,676;891105,142;963215,608;8033926,025;8820595,019;9816620,377;10716686,97;10986602,59;14554815,81;15944740,42;14732126,26;12959956,51;11347872,26;11194931,37;11091556,99;11480107,62;10478059,53;8658798,915
Papua New Guinea; World;Export;  All Products;Export (US$ Thousand);;;;;;;;;;;2460502,528;;2407341,257;1804723,773;1625122,715;2260093,417;2722217,2;;;;;;;5499319,521;4517686,274;;;;;;;;
Paraguay; World;Export;  All Products;Export (US$ Thousand);;1009445,632;958680,512;737040,576;656554,304;725217,792;816832,448;919330,624;1042993,792;1141002,368;1014102,656;740768,872;2200087,905;2356518,656;2328799,961;2584532,112;2874456,41;3152567,667;3472353,969;4723553,436;6407111,559;5079610,331;6516534,823;7776442,112;7282792,069;9456253,392;9635735,187;8327546,291;8501157,586;8679833,045;9042140,68;7652035,474;8517891,386
Peru; World;Export;  All Products;Export (US$ Thousand);;;;;3359371,52;;4388895,744;5439694,336;5835009,536;6759378,432;5671803,904;5932053,067;6322421,097;6825610,607;7665213,522;9026639,026;12726496,79;17114288,77;23764896,76;28084585,26;31288211,6;26738259,54;35807438,49;46386021,92;46366535,8;42568898,54;38645855,01;33667006,87;36309958,8;44237949,42;48015148,38;46131564,76;38757234,04
Philippines; World;Export;  All Products;Export (US$ Thousand);;;;;;;;;20542472,19;25227692,03;29496340,48;35036880,9;38078249,79;32150202,59;35208158,69;36231205,44;39680520,43;41254683,47;47410117,34;50465711,13;49077539,97;38435801,95;51497514,61;48042128,76;51995223,99;56697802,98;61809755,23;58648083,08;56312747,95;68712611,19;67487668,3;70926674,49;65214435,07
Poland; World;Export;  All Products;Export (US$ Thousand);;;;;;;17194369;22862130;24393116;25700735,42;28193638;27374963;30955677;35367141;40253902;52755502;73778927,52;89378068,79;109584113,1;138784983,2;171859897,6;136641304,6;157064948,5;188105090,1;179603599,4;203847917,8;214476794,2;194461157,3;196455269,6;221307621,3;261815268,5;251864773,3;254169031,9
Portugal; World;Export;  All Products;Export (US$ Thousand);10997694,46;12797415,42;16425882,62;16346464,26;18564558,85;15417361,41;17980733,44;23369994,24;23180974,08;23524898,82;24217868,29;24493549,73;24327667,76;24086405,74;25825579,64;31833580,82;44354988,76;38672068,55;44777435,76;52483606,24;57246284,83;44249979,86;49414051,27;59588301,89;58140499,72;62794139,45;63834385,67;55045025,72;55371549,25;62116840,52;74135905,81;67064074,17;61491411,39
Qatar; World;Export;  All Products;Export (US$ Thousand);;;;;;;;;;;;;8846958,592;10705850,37;8230923,776;13382576,97;18685061,09;25762497,88;34051306,77;42019942,58;67307142,97;;74964415,45;;132984788,5;136855116,1;131591553,3;77090262,72;57308634,59;67498105,85;84904616,76;72934956,29;51504158,06
Reunion; World;Export;  All Products;Export (US$ Thousand);;;;;;;170978,736;208689,936;;;;;;;;;;;;;;;;;;;;;;;;;
Romania; World;Export;  All Products;Export (US$ Thousand);;10487379,97;5847390,208;4265651,456;4363384,32;4892156,928;6151244,8;7910049,28;8084459,008;8431049,216;8300932,096;8502972,928;10366522,37;11384993,79;13875708,93;17618059,26;23485361,67;27729597,13;32336029,67;40264716,42;49538877,5;40620889,72;49413386,1;62692001,41;57904330,43;65881441,58;69877890,84;60605047,67;63581004,35;70626887,5;80077606,27;77298748,44;71046398,78
Russian Federation; World;Export;  All Products;Export (US$ Thousand);;;;;;;;;88703000;87368000;72275585,47;74662955,48;103092748,4;99868397,03;106691997,9;133655685,2;181600379,2;241451656,9;301550665,5;352266398,8;467993954,6;301796058,8;397067521;516992618,2;524766420,6;527265918,9;497833528,8;343907651,8;301780443,4;379206606;451494828,2;426720332,7;337103969,6
Rwanda; World;Export;  All Products;Export (US$ Thousand);;;;;;;;;9757,476;53827,416;39463,932;56589,024;;186706,562;54109,342;51277,158;99542,15;149908,338;143309,309;183512,806;398312,202;260659,771;240106,36;400075,9168;387159,9693;622448,9452;615823,9598;593624,1501;613073,6715;942651,252;1004201,169;1161750,595;
Samoa; World;Export;  All Products;Export (US$ Thousand);;;;;;;;;;;;;;62670,364;71468,461;87124,747;85225,566;87170,055;65146,872;97466,745;71991,313;45976,145;70249,889;66263,848;76101,616;62108,623;50921,62;58927,552;56040,486;44401,8142;46101,30535;49272,48214;
Sao Tome and Principe; World;Export;  All Products;Export (US$ Thousand);;;;;;;;;;;;2194,828;2763,645;2622,666;4990,162;6628,901;3553,08;3416,365;3873,963;6729,006;10631,93;8938,19;6381,277;11041,542;6047,15;6938,258;10497,358;9223,182;10473,934;10562,59092;12087,30245;9858,88895;12439,55711
Saudi Arabia; World;Export;  All Products;Export (US$ Thousand);;;;47053329,98;53486448,64;42395787,26;42874187,78;49029578,75;56509526,02;;39806951,42;50693813,58;77204301,31;67674040,86;72128962,43;92765581,56;125551144,7;180277726,9;210823971,7;232855982,6;312999364;191810272,7;250577015,6;364139418,6;387373982,6;375360918;341947182,5;203688802,6;183604286,5;221835062,8;294535553,1;251800017;185699411,8
Senegal; World;Export;  All Products;Export (US$ Thousand);;;;;;;;;409322,528;344527,488;517367,616;471319,844;693346,787;782404,578;690797,399;1154534,363;1315412,288;1470807,171;1491565,996;1546256,022;2170480,818;2017385,759;2085661,791;2541704,77;2531665,004;2660988,556;2750172,137;2611671,966;2640276,916;2989042,09;3623242,95;4174502,142;3929360,138
Serbia, FR(Serbia/Montenegro); World;Export;  All Products;Export (US$ Thousand);;;;;2538493,952;;;;1841746,048;2367984,896;2858166,016;1497405,056;1711074;1903293,491;2275037,413;;3801328,238;;6427891,86;8824700,743;10972082,01;8345076,235;9794540,809;11779477,58;11229030,7;14610779,43;14843348,44;13378933,8;14851777,13;16959040,12;19239126,97;19633048,52;19500829,54
Seychelles; World;Export;  All Products;Export (US$ Thousand);;;;;;;51771,584;53127,636;139353,28;113656,443;121531,181;144963,884;193679,154;216156,836;226796,265;273846,062;290790,447;317489,5356;356826,1253;360146,563;340647,973;;417797,568;968566,735;658821,911;574183,134;551249,859;473849,406;483692,193;591585,3182;846972,4417;824038,3835;960861,0696
Sierra Leone; World;Export;  All Products;Export (US$ Thousand);;;;;;;;;;;;;13032,829;;41421,968;;;;;;;;;;;;279253,408;93257,547;465595,233;102651,5888;205368,2843;;
Singapore; World;Export;  All Products;Export (US$ Thousand);;44686630,91;52715892,74;58953314,3;63463108,61;74005471,23;96824549,38;118263103,5;125007765,5;124988071,9;109904937;114681724,9;137805720,3;121753788,8;125177090,7;161438836,1;198632635,4;230343507,4;273382013;301594913,3;341079321,2;271079917,8;353240365;416289215,8;415615109,7;419931654,5;415418247;357941228,9;338081970,5;373254554,4;411743293,7;390331757,4;373683730,1
Slovak Republic; World;Export;  All Products;Export (US$ Thousand);;;;;;;6690227,2;8374272,512;7490881,536;9633901,568;10718081,02;10056773,26;11884547,52;12635923,08;14477417,11;21916964,38;27864033,85;31852133,63;41686247,34;58036003,41;70188697,34;55553022,16;65306124,08;78970052,41;79953451,8;85189617,33;85767258,26;74969507,25;76997192,27;83475386,33;93403168,1;89909085,42;86707796,11
Slovenia; World;Export;  All Products;Export (US$ Thousand);;;;;;;;8315799,04;8309795,84;8368848,896;9050524,672;8545870,832;8732145,119;9252429,928;10356930,5;12766870,96;15878765,74;17896024,02;20982712,89;26551122,02;29252924,3;22405415,27;24434752,22;28984136,41;27080021,57;28628740,46;30522102,23;26586979,27;27657727,69;31893789,56;36471278,94;37574594,38;37471094,17
Solomon Islands; World;Export;  All Products;Export (US$ Thousand);;;;;;;;;;;;;;;41723,892;66628,867;85651,964;70436,539;121620,058;158469,361;214236,82;214590,938;215431,983;411539,7873;466329,2008;489145,2687;458105,7322;400400,592;437303,074;499714,6835;569112,0085;;
South Africa; World;Export;  All Products;Export (US$ Thousand);;;;;21114607,62;24265703,42;25621499,9;28226242,56;23468783,62;22485379,07;19586019,33;23188553,73;26297951,9;25997548,58;23064420,01;31635889,15;40263523,06;46991046,53;52601759,84;64026608,36;73965545,96;53863891,9;82630650,02;107956344,3;98824503,71;95062894,63;92590712,42;80264493,2;75912597,47;88233218,99;93677434,34;89395988,33;85226766,45
Spain; World;Export;  All Products;Export (US$ Thousand);;44463710,21;55632228,35;60184915,97;64317505,54;60968476,67;73187876,86;89616056,32;101592293,4;106240696,3;109251190,8;111492928,9;114336007,7;116148836,6;125854970,2;159583502,9;180375685,4;192787684,2;214048701;253778450,1;279197236,8;223097750,7;247565705,9;299207388,5;290680282,2;313106419,6;319651825;276958511,7;283761065,9;311600619,5;346064315,1;337215113,9;312080513,4
Sri Lanka; World;Export;  All Products;Export (US$ Thousand);;;1912600,064;1987225,344;2453985,024;2846941,696;3209662,464;;;;;4467271,168;5337517,843;4723871,679;4722972,86;4867830,504;5466642,794;6159855,307;6760001,046;7661314,769;8176816,898;7121490,779;8304051,802;10011281,53;9369784,036;10004878,92;11295485,9;10439729,66;10545893,3;11741036,79;;11974156,37;10706858,04
St. Kitts and Nevis; World;Export;  All Products;Export (US$ Thousand);;;;;;26917,628;22271,984;18784,66;21518,144;41072,368;;27930,712;32579,985;30949,175;38972,969;40929,756;40247,025;34305,7;39705,571;34088,992;51167,861;37674,175;32013,187;44886,028;47651,109;40412,323;39158,655;31700,49663;36864,70709;33245,64423;;;
St. Lucia; World;Export;  All Products;Export (US$ Thousand);;;;;123945,592;119605,592;94849,392;108967,568;79506,648;61250,064;53812,92;55678,468;43366,634;44809,121;62058,376;62532,94;79782,364;64220,34;93745,601;52455,284;164022,458;253660,394;215067,728;137042,116;76289,129;154530,105;146292,262;180596,808;119806,601;141655,2444;116813,9836;97255,26021;
St. Vincent and the Grenadines; World;Export;  All Products;Export (US$ Thousand);;;;;;57776,384;50350,364;59372,568;;46063,944;49645,86;49406,644;50590,162;44600,752;39295,543;37852,177;36610,705;39881,288;38106,987;47713,695;52205,585;49063,774;41515,805;38431,984;43042,465;48802,67956;49307,19159;46868,92374;43012,86872;42299,40886;43665,88579;38157,02414;
Sudan; World;Export;  All Products;Export (US$ Thousand);;;;;;;;;;;;;;;;;;;;;;;;;2449242,451;26037005,95;6204785,423;5587516,915;3993489,851;4240642,667;3619251,504;;
Suriname; World;Export;  All Products;Export (US$ Thousand);;;;;;;536760,512;482677,632;426713,728;;;355840,992;506975,642;395746,062;460203,089;605873,24;807597,602;997420,81;1174596,063;1359057,108;1743411,464;1401838,557;2025566,568;2466871,927;2380469,008;2204441,328;1917670,786;1814316,672;1235283,176;2067393,727;2179950,585;2155132,557;2193348,936
Sweden; World;Export;  All Products;Export (US$ Thousand);;;;;55771148,29;49677475,84;61077110,78;77436321,79;83408199,68;81477337,09;84991770,62;75660616,64;86937360,87;76303316,48;82983411,6;102410949,4;123309700,2;130263720,5;147370408;169061476,9;183880641,9;131116175,4;158410622;186898110,1;172437657;167493221,5;164677597,2;140006470,8;139390774,1;153158565;165966633,5;160531242,2;154935587,1
Switzerland; World;Export;  All Products;Export (US$ Thousand);50711339,01;51535642,62;63793807,36;61531725,82;65674944,51;63184556,03;70360023,04;81641111,55;79776972,8;76149940,22;78855643,14;80299720,7;92386894,68;93341284,65;101271489,4;115352205;137795773,2;149887649,3;166455125,8;196482243,8;236386211;204304593,9;195609280,2;234819262,3;312256654;357909509,7;311292919,2;289629055,1;302499429,3;299331427,8;310523862,2;313685932,8;318580420,6
Syrian Arab Republic; World;Export;  All Products;Export (US$ Thousand);;;;;;;;;;;;;;20798641,93;26931134,44;23611522,87;22177268,07;6449881,887;10919370,78;11545710,21;14380037,91;9693796,9;11352923,63;;;;;;;;;;
Tajikistan; World;Export;  All Products;Export (US$ Thousand);;;;;;;;;;;;;692346;;;;;;;;;;;;;;;;899320,312;983825,951;1073858,043;891973,123;717905,65
Tanzania; World;Export;  All Products;Export (US$ Thousand);;;;;;;;;;598168,576;630078,4;642050,059;655840,668;768322,74;901362,265;1132004,18;1473113,396;1671777,582;1864681,47;2139346,909;3121078,906;2982404,782;4050546,445;4734959,519;5547229,2;4412548,85;5704653,52;5854230,521;4741924,583;4178109,063;3669212,439;5003764,881;6076410,13
Thailand; World;Export;  All Products;Export (US$ Thousand);;20058259,46;23068719,1;28420868,1;32474400,77;37166833,66;45235494,91;56439341,06;55678128,13;58282512,38;53583494,95;58423032,13;68818989,57;64919225,91;68107865,05;80323274,4;96247901,28;110110034,2;130580046,1;153571126,2;175907915,3;152497202,6;195311520,3;228823972,7;229544513,3;228527440,4;227572764,1;214309375,8;215387295,5;236634037,7;252485154,1;233674439,9;231387919,7
Togo; World;Export;  All Products;Export (US$ Thousand);;;;;;;161734,576;382754,176;409621,28;348150,816;393420,48;360342,976;191988,85;220245,828;250598,29;494569,945;389639,467;359904,145;;280027,793;663560,6691;737859,5965;741368,6621;993908,4128;1119061,949;1291075,179;959895,6831;792419,2558;801989,3687;867057,0112;1024037,779;1011137,878;973533,8336
Tonga; World;Export;  All Products;Export (US$ Thousand);;;;;;;;;;;;;8901,497;6762,113;13786,675;16384,537;15710,546;10071,501;9581,802;8048,041;9291,996;7798,458;8257,026;14392,039;15583,106;17083,733;18879,495;;;;;;
Trinidad and Tobago; World;Export;  All Products;Export (US$ Thousand);;;;1983509,504;1865042,048;1662102,528;1954278,016;2466979,328;2569243,648;2569609,984;2263757,312;2805664,263;4273696,871;5115437,006;3853328,894;5241276,859;6517202,314;9611480,341;14018733,57;13396245,46;18650425,23;9125970,627;10981679,47;14833927,22;12864279,97;18661088,93;14520345,61;10747779,55;7608632,116;8740876,13;10530263;7191889,25;5519378,228
Tunisia; World;Export;  All Products;Export (US$ Thousand);;;;3699498,752;4039898,624;3804494,592;4584448;5474626,11;5517318,144;5559370,752;5737912,832;5788034,048;5850025,809;6608604,992;6871227,94;8026777,787;9684721,716;10493619,81;11694350,65;15165396,23;19319957,41;14445136,03;16426570,44;17846964,54;17007445,91;17060464,62;16759747,7;14073487,59;13575130,95;14199816,34;15521228,91;14944087,49;
Turkey; World;Export;  All Products;Export (US$ Thousand);;11627285,5;12959381,5;13593446,4;14714607,62;15348913,15;18106030,08;21598625,79;23047716,86;26244683,78;26881361,92;26587172,86;27485359,1;31333944,4;35761981,31;47252836,3;63120948,8;73476408,14;85534675,52;107271749,9;132027195,6;102142612,6;113883219,2;134906868,8;152461736,6;161480914,7;166504861,8;150982113,8;149246999,3;164494619,3;177168756,3;180832721,7;169657939,8
Turkmenistan; World;Export;  All Products;Export (US$ Thousand);;;;;;;;;;751093,563;593857,678;1186990,848;2505545,544;;;;;;;;;;;;;;;;;;;;
Turks and Caicos Isl.; World;Export;  All Products;Export (US$ Thousand);;;;;;;;;;;;7672,414;8844,263;7285,904;8706,866;9847,368;12212,036;14715,984;17610,457;16256,306;24769,254;20757,912;;8532,611;11830,262;;;;;;;;
Tuvalu; World;Export;  All Products;Export (US$ Thousand);;;;;;;;;;;;;;;137,814;;133,601;62,431;;;;;;;;;;;;;;;
Uganda; World;Export;  All Products;Export (US$ Thousand);;;;;;;449107,488;575277,44;714734,336;402403,2;509850,848;505700,672;402823,507;450527,172;467380,001;531599,858;653542,4;812809,548;962193,421;1336668,119;1724294,808;1567614,423;1618603,26;2159077,318;2357493,248;2407735,576;2261964,444;2267008,685;2482313,415;2901465,68;3087363,576;3563784,978;4148958,329
Ukraine; World;Export;  All Products;Export (US$ Thousand);;;;;;;;;14400242,69;14217475,07;12637410,3;11581572,1;14572550,14;16264734,34;17927432,23;23066845,56;32666131,94;34227973,96;38367609,3;49294389,7;66952306,46;39695647,59;51430285,58;68393034,21;68694495,45;63320468,79;53913302,43;38127039,56;36361032,46;43428391,06;47334679,85;50054402,43;49230799,58
United Arab Emirates; World;Export;  All Products;Export (US$ Thousand);;;;485589,888;504472,832;3379667,968;;;;;;26479226,34;37719889,28;32669157,3;52163400;67135000;90638000;115452993,2;142505000;156634000;210000000;174725000;198362000;252556000;350123000;371217682,1;343043069,6;300478647,8;295046691,1;313603114,5;387964272,1;389427993,9;335296907,9
United Kingdom; World;Export;  All Products;Export (US$ Thousand);;;;;;167411728,4;198797344,8;234372202,5;253622091,8;278906969,5;270295285,4;265442493,1;294899046,6;279425458,5;285996254,3;312059899,7;355027953,6;392744018,7;458598557,4;454005489,9;482020961,9;359615540,1;422014118,5;517288693,4;481225753,7;548041853,3;511145442,9;466295682,8;411463355,6;441847324,2;490840363,6;468322416,1;395692086,6
United States; World;Export;  All Products;Export (US$ Thousand);;;;421555404,8;447330091;464757162;512336855;582964674,6;622784151,6;687532539,9;680434597,9;692783808,5;781830672,8;729080421,1;693068306,7;724736583,4;814844394,2;901041411,3;1037029245;1162538150;1299898877;1056712078;1278099187;1481682202;1544932014;1577587252;1619742864;1501845864;1450906273;1545809598;1665302937;1644276221;1430253623
Uruguay; World;Export;  All Products;Export (US$ Thousand);;;;;;;1914475,648;2106174,08;2397445,376;2729518,08;2769650,688;2237041,92;2295400,68;2057579,754;1861037,66;2208149,687;2937228,124;3421891,841;3989321,195;4517549,425;5941894,999;5404763,196;6724161,707;7911749,31;8709217,341;9065753,626;9165707,594;7669514,564;6963552,025;7889387,375;7498004,935;7680372,439;6853089,373
Uzbekistan; World;Export;  All Products;Export (US$ Thousand);;;;;;;;;;;;;;;;;;;;;;;;;;;;;;10079471;10919011,73;14929506,69;13280562,71
Vanuatu; World;Export;  All Products;Export (US$ Thousand);;;;;;1363,525;20734,153;;;;;;23327,961;;;;;;36698,396;29905,859;;37745,611;46174,039;63531,915;;;;;;;;;
Venezuela; World;Export;  All Products;Export (US$ Thousand);;;;;;;16649651,2;19093022,72;23072342,02;22889846,78;17054107,65;20076191,74;30948109,69;25304275,83;23987243,77;24974284,73;39886652,07;55412877,45;61385240,16;;83477843,24;56583100,32;66962672,65;91094183,49;95034872,07;87961213,3;;;;;;;
Vietnam; World;Export;  All Products;Export (US$ Thousand);;;;;;;;;;;;;14482743;15029192,45;16706052,54;20149323,75;26485034,71;32447129,17;39826222,8;48561343,19;62685129,7;57096274,46;72236665;96905673,96;114529171;132032854;150217138,8;162016742,5;176580786,6;215118607;243698698,3;264610322,6;281441457,2
Yemen; World;Export;  All Products;Export (US$ Thousand);;;;;;;;;;;;;;;;;4072486,78;5607665,601;6654084,088;6298942,738;7583784,105;6258955,204;6437477,01;6947667,409;7062059,466;7129806,232;2416887,808;509857,735;;;15456,13207;23783,55327;
Zambia; World;Export;  All Products;Export (US$ Thousand);;;;;;;;1055005,568;926349,468;1123429,439;1032256,96;1062903,296;887567,095;1015759,028;998645,314;1019305,48;1616178,594;2206176,021;3805187,438;4720011,139;4902756,445;3879826,645;6530809,369;8783219,498;9639945,674;10606851,55;9686603,339;6606513,244;6372386,803;8006789,539;9043157,369;7029095,024;7804715,294
Zimbabwe; World;Export;  All Products;Export (US$ Thousand);;;;;;;;1845905,792;;;;;1607052,526;1120045,147;2153543,03;1512803,757;2719242,678;1878365,445;5775966,94;2800978,443;1166271,664;1795153,723;2640577,831;3121208,918;4125175,729;4067665,165;3871574,325;3410659,131;3341151,096;3480381,867;4037267,07;4279383,538;4394837,097
;;;;;;;;;;;;;;;;;;;;;;;;;;;;;;;;;;;;;
;;;;;;;;;;;;;;;;;;;;;;;;;;;;;;;;;;;;;
;;;;;;;;;;;;;;;;;;;;;;;;;;;;;;;;;;;;;
;;;;;;;;;;;;;;;;;;;;;;;;;;;;;;;;;;;;;
;;;;;;;;;;;;;;;;;;;;;;;;;;;;;;;;;;;;;
;;;;;;;;;;;;;;;;;;;;;;;;;;;;;;;;;;;;;
;;;;;;;;;;;;;;;;;;;;;;;;;;;;;;;;;;;;;
;;;;;;;;;;;;;;;;;;;;;;;;;;;;;;;;;;;;;
;;;;;;;;;;;;;;;;;;;;;;;;;;;;;;;;;;;;;
;;;;;;;;;;;;;;;;;;;;;;;;;;;;;;;;;;;;;
;;;;;;;;;;;;;;;;;;;;;;;;;;;;;;;;;;;;;
;;;;;;;;;;;;;;;;;;;;;;;;;;;;;;;;;;;;;
;;;;;;;;;;;;;;;;;;;;;;;;;;;;;;;;;;;;;
;;;;;;;;;;;;;;;;;;;;;;;;;;;;;;;;;;;;;
;;;;;;;;;;;;;;;;;;;;;;;;;;;;;;;;;;;;;
;;;;;;;;;;;;;;;;;;;;;;;;;;;;;;;;;;;;;
;;;;;;;;;;;;;;;;;;;;;;;;;;;;;;;;;;;;;
;;;;;;;;;;;;;;;;;;;;;;;;;;;;;;;;;;;;;
;;;;;;;;;;;;;;;;;;;;;;;;;;;;;;;;;;;;;
;;;;;;;;;;;;;;;;;;;;;;;;;;;;;;;;;;;;;
;;;;;;;;;;;;;;;;;;;;;;;;;;;;;;;;;;;;;
;;;;;;;;;;;;;;;;;;;;;;;;;;;;;;;;;;;;;
;;;;;;;;;;;;;;;;;;;;;;;;;;;;;;;;;;;;;
;;;;;;;;;;;;;;;;;;;;;;;;;;;;;;;;;;;;;
;;;;;;;;;;;;;;;;;;;;;;;;;;;;;;;;;;;;;
;;;;;;;;;;;;;;;;;;;;;;;;;;;;;;;;;;;;;
;;;;;;;;;;;;;;;;;;;;;;;;;;;;;;;;;;;;;
;;;;;;;;;;;;;;;;;;;;;;;;;;;;;;;;;;;;;
;;;;;;;;;;;;;;;;;;;;;;;;;;;;;;;;;;;;;
;;;;;;;;;;;;;;;;;;;;;;;;;;;;;;;;;;;;;
;;;;;;;;;;;;;;;;;;;;;;;;;;;;;;;;;;;;;
;;;;;;;;;;;;;;;;;;;;;;;;;;;;;;;;;;;;;
;;;;;;;;;;;;;;;;;;;;;;;;;;;;;;;;;;;;;
;;;;;;;;;;;;;;;;;;;;;;;;;;;;;;;;;;;;;
;;;;;;;;;;;;;;;;;;;;;;;;;;;;;;;;;;;;;
;;;;;;;;;;;;;;;;;;;;;;;;;;;;;;;;;;;;;
;;;;;;;;;;;;;;;;;;;;;;;;;;;;;;;;;;;;;
;;;;;;;;;;;;;;;;;;;;;;;;;;;;;;;;;;;;;
;;;;;;;;;;;;;;;;;;;;;;;;;;;;;;;;;;;;;
;;;;;;;;;;;;;;;;;;;;;;;;;;;;;;;;;;;;;
;;;;;;;;;;;;;;;;;;;;;;;;;;;;;;;;;;;;;
;;;;;;;;;;;;;;;;;;;;;;;;;;;;;;;;;;;;;
;;;;;;;;;;;;;;;;;;;;;;;;;;;;;;;;;;;;;
;;;;;;;;;;;;;;;;;;;;;;;;;;;;;;;;;;;;;
;;;;;;;;;;;;;;;;;;;;;;;;;;;;;;;;;;;;;
;;;;;;;;;;;;;;;;;;;;;;;;;;;;;;;;;;;;;
;;;;;;;;;;;;;;;;;;;;;;;;;;;;;;;;;;;;;
;;;;;;;;;;;;;;;;;;;;;;;;;;;;;;;;;;;;;
;;;;;;;;;;;;;;;;;;;;;;;;;;;;;;;;;;;;;
;;;;;;;;;;;;;;;;;;;;;;;;;;;;;;;;;;;;;
;;;;;;;;;;;;;;;;;;;;;;;;;;;;;;;;;;;;;
;;;;;;;;;;;;;;;;;;;;;;;;;;;;;;;;;;;;;
;;;;;;;;;;;;;;;;;;;;;;;;;;;;;;;;;;;;;
;;;;;;;;;;;;;;;;;;;;;;;;;;;;;;;;;;;;;
;;;;;;;;;;;;;;;;;;;;;;;;;;;;;;;;;;;;;
;;;;;;;;;;;;;;;;;;;;;;;;;;;;;;;;;;;;;
;;;;;;;;;;;;;;;;;;;;;;;;;;;;;;;;;;;;;
;;;;;;;;;;;;;;;;;;;;;;;;;;;;;;;;;;;;;
;;;;;;;;;;;;;;;;;;;;;;;;;;;;;;;;;;;;;
;;;;;;;;;;;;;;;;;;;;;;;;;;;;;;;;;;;;;
;;;;;;;;;;;;;;;;;;;;;;;;;;;;;;;;;;;;;
;;;;;;;;;;;;;;;;;;;;;;;;;;;;;;;;;;;;;
;;;;;;;;;;;;;;;;;;;;;;;;;;;;;;;;;;;;;
;;;;;;;;;;;;;;;;;;;;;;;;;;;;;;;;;;;;;
;;;;;;;;;;;;;;;;;;;;;;;;;;;;;;;;;;;;;
;;;;;;;;;;;;;;;;;;;;;;;;;;;;;;;;;;;;;
;;;;;;;;;;;;;;;;;;;;;;;;;;;;;;;;;;;;;
;;;;;;;;;;;;;;;;;;;;;;;;;;;;;;;;;;;;;
;;;;;;;;;;;;;;;;;;;;;;;;;;;;;;;;;;;;;
;;;;;;;;;;;;;;;;;;;;;;;;;;;;;;;;;;;;;
;;;;;;;;;;;;;;;;;;;;;;;;;;;;;;;;;;;;;
;;;;;;;;;;;;;;;;;;;;;;;;;;;;;;;;;;;;;
;;;;;;;;;;;;;;;;;;;;;;;;;;;;;;;;;;;;;
;;;;;;;;;;;;;;;;;;;;;;;;;;;;;;;;;;;;;
;;;;;;;;;;;;;;;;;;;;;;;;;;;;;;;;;;;;;
;;;;;;;;;;;;;;;;;;;;;;;;;;;;;;;;;;;;;
;;;;;;;;;;;;;;;;;;;;;;;;;;;;;;;;;;;;;
;;;;;;;;;;;;;;;;;;;;;;;;;;;;;;;;;;;;;
;;;;;;;;;;;;;;;;;;;;;;;;;;;;;;;;;;;;;
;;;;;;;;;;;;;;;;;;;;;;;;;;;;;;;;;;;;;
;;;;;;;;;;;;;;;;;;;;;;;;;;;;;;;;;;;;;
;;;;;;;;;;;;;;;;;;;;;;;;;;;;;;;;;;;;;
;;;;;;;;;;;;;;;;;;;;;;;;;;;;;;;;;;;;;
;;;;;;;;;;;;;;;;;;;;;;;;;;;;;;;;;;;;;
;;;;;;;;;;;;;;;;;;;;;;;;;;;;;;;;;;;;;
;;;;;;;;;;;;;;;;;;;;;;;;;;;;;;;;;;;;;
;;;;;;;;;;;;;;;;;;;;;;;;;;;;;;;;;;;;;
;;;;;;;;;;;;;;;;;;;;;;;;;;;;;;;;;;;;;
;;;;;;;;;;;;;;;;;;;;;;;;;;;;;;;;;;;;;
;;;;;;;;;;;;;;;;;;;;;;;;;;;;;;;;;;;;;
;;;;;;;;;;;;;;;;;;;;;;;;;;;;;;;;;;;;;
;;;;;;;;;;;;;;;;;;;;;;;;;;;;;;;;;;;;;
;;;;;;;;;;;;;;;;;;;;;;;;;;;;;;;;;;;;;
;;;;;;;;;;;;;;;;;;;;;;;;;;;;;;;;;;;;;
;;;;;;;;;;;;;;;;;;;;;;;;;;;;;;;;;;;;;
;;;;;;;;;;;;;;;;;;;;;;;;;;;;;;;;;;;;;
;;;;;;;;;;;;;;;;;;;;;;;;;;;;;;;;;;;;;
;;;;;;;;;;;;;;;;;;;;;;;;;;;;;;;;;;;;;
;;;;;;;;;;;;;;;;;;;;;;;;;;;;;;;;;;;;;
;;;;;;;;;;;;;;;;;;;;;;;;;;;;;;;;;;;;;
;;;;;;;;;;;;;;;;;;;;;;;;;;;;;;;;;;;;;
;;;;;;;;;;;;;;;;;;;;;;;;;;;;;;;;;;;;;
;;;;;;;;;;;;;;;;;;;;;;;;;;;;;;;;;;;;;
;;;;;;;;;;;;;;;;;;;;;;;;;;;;;;;;;;;;;
;;;;;;;;;;;;;;;;;;;;;;;;;;;;;;;;;;;;;
;;;;;;;;;;;;;;;;;;;;;;;;;;;;;;;;;;;;;
;;;;;;;;;;;;;;;;;;;;;;;;;;;;;;;;;;;;;
;;;;;;;;;;;;;;;;;;;;;;;;;;;;;;;;;;;;;
;;;;;;;;;;;;;;;;;;;;;;;;;;;;;;;;;;;;;
;;;;;;;;;;;;;;;;;;;;;;;;;;;;;;;;;;;;;
;;;;;;;;;;;;;;;;;;;;;;;;;;;;;;;;;;;;;
;;;;;;;;;;;;;;;;;;;;;;;;;;;;;;;;;;;;;
;;;;;;;;;;;;;;;;;;;;;;;;;;;;;;;;;;;;;
;;;;;;;;;;;;;;;;;;;;;;;;;;;;;;;;;;;;;
;;;;;;;;;;;;;;;;;;;;;;;;;;;;;;;;;;;;;
;;;;;;;;;;;;;;;;;;;;;;;;;;;;;;;;;;;;;
;;;;;;;;;;;;;;;;;;;;;;;;;;;;;;;;;;;;;
;;;;;;;;;;;;;;;;;;;;;;;;;;;;;;;;;;;;;
;;;;;;;;;;;;;;;;;;;;;;;;;;;;;;;;;;;;;
;;;;;;;;;;;;;;;;;;;;;;;;;;;;;;;;;;;;;
;;;;;;;;;;;;;;;;;;;;;;;;;;;;;;;;;;;;;
;;;;;;;;;;;;;;;;;;;;;;;;;;;;;;;;;;;;;
;;;;;;;;;;;;;;;;;;;;;;;;;;;;;;;;;;;;;
;;;;;;;;;;;;;;;;;;;;;;;;;;;;;;;;;;;;;
;;;;;;;;;;;;;;;;;;;;;;;;;;;;;;;;;;;;;
;;;;;;;;;;;;;;;;;;;;;;;;;;;;;;;;;;;;;
;;;;;;;;;;;;;;;;;;;;;;;;;;;;;;;;;;;;;
;;;;;;;;;;;;;;;;;;;;;;;;;;;;;;;;;;;;;
;;;;;;;;;;;;;;;;;;;;;;;;;;;;;;;;;;;;;
;;;;;;;;;;;;;;;;;;;;;;;;;;;;;;;;;;;;;
;;;;;;;;;;;;;;;;;;;;;;;;;;;;;;;;;;;;;
;;;;;;;;;;;;;;;;;;;;;;;;;;;;;;;;;;;;;
;;;;;;;;;;;;;;;;;;;;;;;;;;;;;;;;;;;;;
;;;;;;;;;;;;;;;;;;;;;;;;;;;;;;;;;;;;;
;;;;;;;;;;;;;;;;;;;;;;;;;;;;;;;;;;;;;
;;;;;;;;;;;;;;;;;;;;;;;;;;;;;;;;;;;;;
;;;;;;;;;;;;;;;;;;;;;;;;;;;;;;;;;;;;;
;;;;;;;;;;;;;;;;;;;;;;;;;;;;;;;;;;;;;
;;;;;;;;;;;;;;;;;;;;;;;;;;;;;;;;;;;;;
;;;;;;;;;;;;;;;;;;;;;;;;;;;;;;;;;;;;;
;;;;;;;;;;;;;;;;;;;;;;;;;;;;;;;;;;;;;
;;;;;;;;;;;;;;;;;;;;;;;;;;;;;;;;;;;;;
;;;;;;;;;;;;;;;;;;;;;;;;;;;;;;;;;;;;;
;;;;;;;;;;;;;;;;;;;;;;;;;;;;;;;;;;;;;
;;;;;;;;;;;;;;;;;;;;;;;;;;;;;;;;;;;;;
;;;;;;;;;;;;;;;;;;;;;;;;;;;;;;;;;;;;;
;;;;;;;;;;;;;;;;;;;;;;;;;;;;;;;;;;;;;
;;;;;;;;;;;;;;;;;;;;;;;;;;;;;;;;;;;;;
;;;;;;;;;;;;;;;;;;;;;;;;;;;;;;;;;;;;;
;;;;;;;;;;;;;;;;;;;;;;;;;;;;;;;;;;;;;
;;;;;;;;;;;;;;;;;;;;;;;;;;;;;;;;;;;;;
;;;;;;;;;;;;;;;;;;;;;;;;;;;;;;;;;;;;;
;;;;;;;;;;;;;;;;;;;;;;;;;;;;;;;;;;;;;
;;;;;;;;;;;;;;;;;;;;;;;;;;;;;;;;;;;;;
;;;;;;;;;;;;;;;;;;;;;;;;;;;;;;;;;;;;;
;;;;;;;;;;;;;;;;;;;;;;;;;;;;;;;;;;;;;
;;;;;;;;;;;;;;;;;;;;;;;;;;;;;;;;;;;;;
;;;;;;;;;;;;;;;;;;;;;;;;;;;;;;;;;;;;;
;;;;;;;;;;;;;;;;;;;;;;;;;;;;;;;;;;;;;
;;;;;;;;;;;;;;;;;;;;;;;;;;;;;;;;;;;;;
;;;;;;;;;;;;;;;;;;;;;;;;;;;;;;;;;;;;;
;;;;;;;;;;;;;;;;;;;;;;;;;;;;;;;;;;;;;
;;;;;;;;;;;;;;;;;;;;;;;;;;;;;;;;;;;;;
;;;;;;;;;;;;;;;;;;;;;;;;;;;;;;;;;;;;;
;;;;;;;;;;;;;;;;;;;;;;;;;;;;;;;;;;;;;
;;;;;;;;;;;;;;;;;;;;;;;;;;;;;;;;;;;;;
;;;;;;;;;;;;;;;;;;;;;;;;;;;;;;;;;;;;;
;;;;;;;;;;;;;;;;;;;;;;;;;;;;;;;;;;;;;
;;;;;;;;;;;;;;;;;;;;;;;;;;;;;;;;;;;;;
;;;;;;;;;;;;;;;;;;;;;;;;;;;;;;;;;;;;;
;;;;;;;;;;;;;;;;;;;;;;;;;;;;;;;;;;;;;
;;;;;;;;;;;;;;;;;;;;;;;;;;;;;;;;;;;;;
;;;;;;;;;;;;;;;;;;;;;;;;;;;;;;;;;;;;;
;;;;;;;;;;;;;;;;;;;;;;;;;;;;;;;;;;;;;
;;;;;;;;;;;;;;;;;;;;;;;;;;;;;;;;;;;;;
;;;;;;;;;;;;;;;;;;;;;;;;;;;;;;;;;;;;;
;;;;;;;;;;;;;;;;;;;;;;;;;;;;;;;;;;;;;
;;;;;;;;;;;;;;;;;;;;;;;;;;;;;;;;;;;;;
;;;;;;;;;;;;;;;;;;;;;;;;;;;;;;;;;;;;;
;;;;;;;;;;;;;;;;;;;;;;;;;;;;;;;;;;;;;
;;;;;;;;;;;;;;;;;;;;;;;;;;;;;;;;;;;;;
;;;;;;;;;;;;;;;;;;;;;;;;;;;;;;;;;;;;;
;;;;;;;;;;;;;;;;;;;;;;;;;;;;;;;;;;;;;
;;;;;;;;;;;;;;;;;;;;;;;;;;;;;;;;;;;;;
;;;;;;;;;;;;;;;;;;;;;;;;;;;;;;;;;;;;;
;;;;;;;;;;;;;;;;;;;;;;;;;;;;;;;;;;;;;
;;;;;;;;;;;;;;;;;;;;;;;;;;;;;;;;;;;;;
;;;;;;;;;;;;;;;;;;;;;;;;;;;;;;;;;;;;;
;;;;;;;;;;;;;;;;;;;;;;;;;;;;;;;;;;;;;
;;;;;;;;;;;;;;;;;;;;;;;;;;;;;;;;;;;;;
;;;;;;;;;;;;;;;;;;;;;;;;;;;;;;;;;;;;;
;;;;;;;;;;;;;;;;;;;;;;;;;;;;;;;;;;;;;
;;;;;;;;;;;;;;;;;;;;;;;;;;;;;;;;;;;;;
;;;;;;;;;;;;;;;;;;;;;;;;;;;;;;;;;;;;;
;;;;;;;;;;;;;;;;;;;;;;;;;;;;;;;;;;;;;
;;;;;;;;;;;;;;;;;;;;;;;;;;;;;;;;;;;;;
;;;;;;;;;;;;;;;;;;;;;;;;;;;;;;;;;;;;;
;;;;;;;;;;;;;;;;;;;;;;;;;;;;;;;;;;;;;
;;;;;;;;;;;;;;;;;;;;;;;;;;;;;;;;;;;;;
;;;;;;;;;;;;;;;;;;;;;;;;;;;;;;;;;;;;;
;;;;;;;;;;;;;;;;;;;;;;;;;;;;;;;;;;;;;
;;;;;;;;;;;;;;;;;;;;;;;;;;;;;;;;;;;;;
;;;;;;;;;;;;;;;;;;;;;;;;;;;;;;;;;;;;;
;;;;;;;;;;;;;;;;;;;;;;;;;;;;;;;;;;;;;
;;;;;;;;;;;;;;;;;;;;;;;;;;;;;;;;;;;;;
;;;;;;;;;;;;;;;;;;;;;;;;;;;;;;;;;;;;;
;;;;;;;;;;;;;;;;;;;;;;;;;;;;;;;;;;;;;
;;;;;;;;;;;;;;;;;;;;;;;;;;;;;;;;;;;;;
;;;;;;;;;;;;;;;;;;;;;;;;;;;;;;;;;;;;;
;;;;;;;;;;;;;;;;;;;;;;;;;;;;;;;;;;;;;
;;;;;;;;;;;;;;;;;;;;;;;;;;;;;;;;;;;;;
;;;;;;;;;;;;;;;;;;;;;;;;;;;;;;;;;;;;;
;;;;;;;;;;;;;;;;;;;;;;;;;;;;;;;;;;;;;
;;;;;;;;;;;;;;;;;;;;;;;;;;;;;;;;;;;;;
;;;;;;;;;;;;;;;;;;;;;;;;;;;;;;;;;;;;;
;;;;;;;;;;;;;;;;;;;;;;;;;;;;;;;;;;;;;
;;;;;;;;;;;;;;;;;;;;;;;;;;;;;;;;;;;;;
;;;;;;;;;;;;;;;;;;;;;;;;;;;;;;;;;;;;;
;;;;;;;;;;;;;;;;;;;;;;;;;;;;;;;;;;;;;
;;;;;;;;;;;;;;;;;;;;;;;;;;;;;;;;;;;;;
;;;;;;;;;;;;;;;;;;;;;;;;;;;;;;;;;;;;;
;;;;;;;;;;;;;;;;;;;;;;;;;;;;;;;;;;;;;
;;;;;;;;;;;;;;;;;;;;;;;;;;;;;;;;;;;;;
;;;;;;;;;;;;;;;;;;;;;;;;;;;;;;;;;;;;;
;;;;;;;;;;;;;;;;;;;;;;;;;;;;;;;;;;;;;
;;;;;;;;;;;;;;;;;;;;;;;;;;;;;;;;;;;;;
;;;;;;;;;;;;;;;;;;;;;;;;;;;;;;;;;;;;;
;;;;;;;;;;;;;;;;;;;;;;;;;;;;;;;;;;;;;
;;;;;;;;;;;;;;;;;;;;;;;;;;;;;;;;;;;;;
;;;;;;;;;;;;;;;;;;;;;;;;;;;;;;;;;;;;;
;;;;;;;;;;;;;;;;;;;;;;;;;;;;;;;;;;;;;
;;;;;;;;;;;;;;;;;;;;;;;;;;;;;;;;;;;;;
;;;;;;;;;;;;;;;;;;;;;;;;;;;;;;;;;;;;;
;;;;;;;;;;;;;;;;;;;;;;;;;;;;;;;;;;;;;
;;;;;;;;;;;;;;;;;;;;;;;;;;;;;;;;;;;;;
;;;;;;;;;;;;;;;;;;;;;;;;;;;;;;;;;;;;;
;;;;;;;;;;;;;;;;;;;;;;;;;;;;;;;;;;;;;
;;;;;;;;;;;;;;;;;;;;;;;;;;;;;;;;;;;;;
;;;;;;;;;;;;;;;;;;;;;;;;;;;;;;;;;;;;;
;;;;;;;;;;;;;;;;;;;;;;;;;;;;;;;;;;;;;
;;;;;;;;;;;;;;;;;;;;;;;;;;;;;;;;;;;;;
;;;;;;;;;;;;;;;;;;;;;;;;;;;;;;;;;;;;;
;;;;;;;;;;;;;;;;;;;;;;;;;;;;;;;;;;;;;
;;;;;;;;;;;;;;;;;;;;;;;;;;;;;;;;;;;;;
;;;;;;;;;;;;;;;;;;;;;;;;;;;;;;;;;;;;;
;;;;;;;;;;;;;;;;;;;;;;;;;;;;;;;;;;;;;
;;;;;;;;;;;;;;;;;;;;;;;;;;;;;;;;;;;;;
;;;;;;;;;;;;;;;;;;;;;;;;;;;;;;;;;;;;;
;;;;;;;;;;;;;;;;;;;;;;;;;;;;;;;;;;;;;
;;;;;;;;;;;;;;;;;;;;;;;;;;;;;;;;;;;;;
;;;;;;;;;;;;;;;;;;;;;;;;;;;;;;;;;;;;;
;;;;;;;;;;;;;;;;;;;;;;;;;;;;;;;;;;;;;
;;;;;;;;;;;;;;;;;;;;;;;;;;;;;;;;;;;;;
;;;;;;;;;;;;;;;;;;;;;;;;;;;;;;;;;;;;;
;;;;;;;;;;;;;;;;;;;;;;;;;;;;;;;;;;;;;
;;;;;;;;;;;;;;;;;;;;;;;;;;;;;;;;;;;;;
;;;;;;;;;;;;;;;;;;;;;;;;;;;;;;;;;;;;;
;;;;;;;;;;;;;;;;;;;;;;;;;;;;;;;;;;;;;
;;;;;;;;;;;;;;;;;;;;;;;;;;;;;;;;;;;;;
;;;;;;;;;;;;;;;;;;;;;;;;;;;;;;;;;;;;;
;;;;;;;;;;;;;;;;;;;;;;;;;;;;;;;;;;;;;
;;;;;;;;;;;;;;;;;;;;;;;;;;;;;;;;;;;;;
;;;;;;;;;;;;;;;;;;;;;;;;;;;;;;;;;;;;;
;;;;;;;;;;;;;;;;;;;;;;;;;;;;;;;;;;;;;
;;;;;;;;;;;;;;;;;;;;;;;;;;;;;;;;;;;;;
;;;;;;;;;;;;;;;;;;;;;;;;;;;;;;;;;;;;;
;;;;;;;;;;;;;;;;;;;;;;;;;;;;;;;;;;;;;
;;;;;;;;;;;;;;;;;;;;;;;;;;;;;;;;;;;;;
;;;;;;;;;;;;;;;;;;;;;;;;;;;;;;;;;;;;;
;;;;;;;;;;;;;;;;;;;;;;;;;;;;;;;;;;;;;
;;;;;;;;;;;;;;;;;;;;;;;;;;;;;;;;;;;;;
;;;;;;;;;;;;;;;;;;;;;;;;;;;;;;;;;;;;;
;;;;;;;;;;;;;;;;;;;;;;;;;;;;;;;;;;;;;
;;;;;;;;;;;;;;;;;;;;;;;;;;;;;;;;;;;;;
;;;;;;;;;;;;;;;;;;;;;;;;;;;;;;;;;;;;;
;;;;;;;;;;;;;;;;;;;;;;;;;;;;;;;;;;;;;
;;;;;;;;;;;;;;;;;;;;;;;;;;;;;;;;;;;;;
;;;;;;;;;;;;;;;;;;;;;;;;;;;;;;;;;;;;;
;;;;;;;;;;;;;;;;;;;;;;;;;;;;;;;;;;;;;
;;;;;;;;;;;;;;;;;;;;;;;;;;;;;;;;;;;;;
;;;;;;;;;;;;;;;;;;;;;;;;;;;;;;;;;;;;;
;;;;;;;;;;;;;;;;;;;;;;;;;;;;;;;;;;;;;
;;;;;;;;;;;;;;;;;;;;;;;;;;;;;;;;;;;;;
;;;;;;;;;;;;;;;;;;;;;;;;;;;;;;;;;;;;;
;;;;;;;;;;;;;;;;;;;;;;;;;;;;;;;;;;;;;
;;;;;;;;;;;;;;;;;;;;;;;;;;;;;;;;;;;;;
;;;;;;;;;;;;;;;;;;;;;;;;;;;;;;;;;;;;;
;;;;;;;;;;;;;;;;;;;;;;;;;;;;;;;;;;;;;
;;;;;;;;;;;;;;;;;;;;;;;;;;;;;;;;;;;;;
;;;;;;;;;;;;;;;;;;;;;;;;;;;;;;;;;;;;;
;;;;;;;;;;;;;;;;;;;;;;;;;;;;;;;;;;;;;
;;;;;;;;;;;;;;;;;;;;;;;;;;;;;;;;;;;;;
;;;;;;;;;;;;;;;;;;;;;;;;;;;;;;;;;;;;;
;;;;;;;;;;;;;;;;;;;;;;;;;;;;;;;;;;;;;
;;;;;;;;;;;;;;;;;;;;;;;;;;;;;;;;;;;;;
;;;;;;;;;;;;;;;;;;;;;;;;;;;;;;;;;;;;;
;;;;;;;;;;;;;;;;;;;;;;;;;;;;;;;;;;;;;
;;;;;;;;;;;;;;;;;;;;;;;;;;;;;;;;;;;;;
;;;;;;;;;;;;;;;;;;;;;;;;;;;;;;;;;;;;;
;;;;;;;;;;;;;;;;;;;;;;;;;;;;;;;;;;;;;
;;;;;;;;;;;;;;;;;;;;;;;;;;;;;;;;;;;;;
;;;;;;;;;;;;;;;;;;;;;;;;;;;;;;;;;;;;;
;;;;;;;;;;;;;;;;;;;;;;;;;;;;;;;;;;;;;
;;;;;;;;;;;;;;;;;;;;;;;;;;;;;;;;;;;;;
;;;;;;;;;;;;;;;;;;;;;;;;;;;;;;;;;;;;;
;;;;;;;;;;;;;;;;;;;;;;;;;;;;;;;;;;;;;
;;;;;;;;;;;;;;;;;;;;;;;;;;;;;;;;;;;;;
;;;;;;;;;;;;;;;;;;;;;;;;;;;;;;;;;;;;;
;;;;;;;;;;;;;;;;;;;;;;;;;;;;;;;;;;;;;
;;;;;;;;;;;;;;;;;;;;;;;;;;;;;;;;;;;;;
;;;;;;;;;;;;;;;;;;;;;;;;;;;;;;;;;;;;;
;;;;;;;;;;;;;;;;;;;;;;;;;;;;;;;;;;;;;
;;;;;;;;;;;;;;;;;;;;;;;;;;;;;;;;;;;;;
;;;;;;;;;;;;;;;;;;;;;;;;;;;;;;;;;;;;;
;;;;;;;;;;;;;;;;;;;;;;;;;;;;;;;;;;;;;
;;;;;;;;;;;;;;;;;;;;;;;;;;;;;;;;;;;;;
;;;;;;;;;;;;;;;;;;;;;;;;;;;;;;;;;;;;;
;;;;;;;;;;;;;;;;;;;;;;;;;;;;;;;;;;;;;
;;;;;;;;;;;;;;;;;;;;;;;;;;;;;;;;;;;;;
;;;;;;;;;;;;;;;;;;;;;;;;;;;;;;;;;;;;;
;;;;;;;;;;;;;;;;;;;;;;;;;;;;;;;;;;;;;
;;;;;;;;;;;;;;;;;;;;;;;;;;;;;;;;;;;;;
;;;;;;;;;;;;;;;;;;;;;;;;;;;;;;;;;;;;;
;;;;;;;;;;;;;;;;;;;;;;;;;;;;;;;;;;;;;
;;;;;;;;;;;;;;;;;;;;;;;;;;;;;;;;;;;;;
;;;;;;;;;;;;;;;;;;;;;;;;;;;;;;;;;;;;;
;;;;;;;;;;;;;;;;;;;;;;;;;;;;;;;;;;;;;
;;;;;;;;;;;;;;;;;;;;;;;;;;;;;;;;;;;;;
;;;;;;;;;;;;;;;;;;;;;;;;;;;;;;;;;;;;;
;;;;;;;;;;;;;;;;;;;;;;;;;;;;;;;;;;;;;
;;;;;;;;;;;;;;;;;;;;;;;;;;;;;;;;;;;;;
;;;;;;;;;;;;;;;;;;;;;;;;;;;;;;;;;;;;;
;;;;;;;;;;;;;;;;;;;;;;;;;;;;;;;;;;;;;
;;;;;;;;;;;;;;;;;;;;;;;;;;;;;;;;;;;;;
;;;;;;;;;;;;;;;;;;;;;;;;;;;;;;;;;;;;;
;;;;;;;;;;;;;;;;;;;;;;;;;;;;;;;;;;;;;
;;;;;;;;;;;;;;;;;;;;;;;;;;;;;;;;;;;;;
;;;;;;;;;;;;;;;;;;;;;;;;;;;;;;;;;;;;;
;;;;;;;;;;;;;;;;;;;;;;;;;;;;;;;;;;;;;
;;;;;;;;;;;;;;;;;;;;;;;;;;;;;;;;;;;;;
;;;;;;;;;;;;;;;;;;;;;;;;;;;;;;;;;;;;;
;;;;;;;;;;;;;;;;;;;;;;;;;;;;;;;;;;;;;
;;;;;;;;;;;;;;;;;;;;;;;;;;;;;;;;;;;;;
;;;;;;;;;;;;;;;;;;;;;;;;;;;;;;;;;;;;;
;;;;;;;;;;;;;;;;;;;;;;;;;;;;;;;;;;;;;
;;;;;;;;;;;;;;;;;;;;;;;;;;;;;;;;;;;;;
;;;;;;;;;;;;;;;;;;;;;;;;;;;;;;;;;;;;;
;;;;;;;;;;;;;;;;;;;;;;;;;;;;;;;;;;;;;
;;;;;;;;;;;;;;;;;;;;;;;;;;;;;;;;;;;;;
;;;;;;;;;;;;;;;;;;;;;;;;;;;;;;;;;;;;;
;;;;;;;;;;;;;;;;;;;;;;;;;;;;;;;;;;;;;
;;;;;;;;;;;;;;;;;;;;;;;;;;;;;;;;;;;;;
;;;;;;;;;;;;;;;;;;;;;;;;;;;;;;;;;;;;;
;;;;;;;;;;;;;;;;;;;;;;;;;;;;;;;;;;;;;
;;;;;;;;;;;;;;;;;;;;;;;;;;;;;;;;;;;;;
;;;;;;;;;;;;;;;;;;;;;;;;;;;;;;;;;;;;;
;;;;;;;;;;;;;;;;;;;;;;;;;;;;;;;;;;;;;
;;;;;;;;;;;;;;;;;;;;;;;;;;;;;;;;;;;;;
;;;;;;;;;;;;;;;;;;;;;;;;;;;;;;;;;;;;;
;;;;;;;;;;;;;;;;;;;;;;;;;;;;;;;;;;;;;
;;;;;;;;;;;;;;;;;;;;;;;;;;;;;;;;;;;;;
;;;;;;;;;;;;;;;;;;;;;;;;;;;;;;;;;;;;;
;;;;;;;;;;;;;;;;;;;;;;;;;;;;;;;;;;;;;
;;;;;;;;;;;;;;;;;;;;;;;;;;;;;;;;;;;;;
;;;;;;;;;;;;;;;;;;;;;;;;;;;;;;;;;;;;;
;;;;;;;;;;;;;;;;;;;;;;;;;;;;;;;;;;;;;
;;;;;;;;;;;;;;;;;;;;;;;;;;;;;;;;;;;;;
;;;;;;;;;;;;;;;;;;;;;;;;;;;;;;;;;;;;;
;;;;;;;;;;;;;;;;;;;;;;;;;;;;;;;;;;;;;
;;;;;;;;;;;;;;;;;;;;;;;;;;;;;;;;;;;;;
;;;;;;;;;;;;;;;;;;;;;;;;;;;;;;;;;;;;;
;;;;;;;;;;;;;;;;;;;;;;;;;;;;;;;;;;;;;
;;;;;;;;;;;;;;;;;;;;;;;;;;;;;;;;;;;;;
;;;;;;;;;;;;;;;;;;;;;;;;;;;;;;;;;;;;;
;;;;;;;;;;;;;;;;;;;;;;;;;;;;;;;;;;;;;
;;;;;;;;;;;;;;;;;;;;;;;;;;;;;;;;;;;;;
;;;;;;;;;;;;;;;;;;;;;;;;;;;;;;;;;;;;;
;;;;;;;;;;;;;;;;;;;;;;;;;;;;;;;;;;;;;
;;;;;;;;;;;;;;;;;;;;;;;;;;;;;;;;;;;;;
;;;;;;;;;;;;;;;;;;;;;;;;;;;;;;;;;;;;;
;;;;;;;;;;;;;;;;;;;;;;;;;;;;;;;;;;;;;
;;;;;;;;;;;;;;;;;;;;;;;;;;;;;;;;;;;;;
;;;;;;;;;;;;;;;;;;;;;;;;;;;;;;;;;;;;;
;;;;;;;;;;;;;;;;;;;;;;;;;;;;;;;;;;;;;
;;;;;;;;;;;;;;;;;;;;;;;;;;;;;;;;;;;;;
;;;;;;;;;;;;;;;;;;;;;;;;;;;;;;;;;;;;;
;;;;;;;;;;;;;;;;;;;;;;;;;;;;;;;;;;;;;
;;;;;;;;;;;;;;;;;;;;;;;;;;;;;;;;;;;;;
;;;;;;;;;;;;;;;;;;;;;;;;;;;;;;;;;;;;;
;;;;;;;;;;;;;;;;;;;;;;;;;;;;;;;;;;;;;
;;;;;;;;;;;;;;;;;;;;;;;;;;;;;;;;;;;;;
;;;;;;;;;;;;;;;;;;;;;;;;;;;;;;;;;;;;;
;;;;;;;;;;;;;;;;;;;;;;;;;;;;;;;;;;;;;
;;;;;;;;;;;;;;;;;;;;;;;;;;;;;;;;;;;;;
;;;;;;;;;;;;;;;;;;;;;;;;;;;;;;;;;;;;;
;;;;;;;;;;;;;;;;;;;;;;;;;;;;;;;;;;;;;
;;;;;;;;;;;;;;;;;;;;;;;;;;;;;;;;;;;;;
;;;;;;;;;;;;;;;;;;;;;;;;;;;;;;;;;;;;;
;;;;;;;;;;;;;;;;;;;;;;;;;;;;;;;;;;;;;
;;;;;;;;;;;;;;;;;;;;;;;;;;;;;;;;;;;;;
;;;;;;;;;;;;;;;;;;;;;;;;;;;;;;;;;;;;;
;;;;;;;;;;;;;;;;;;;;;;;;;;;;;;;;;;;;;
;;;;;;;;;;;;;;;;;;;;;;;;;;;;;;;;;;;;;
;;;;;;;;;;;;;;;;;;;;;;;;;;;;;;;;;;;;;
;;;;;;;;;;;;;;;;;;;;;;;;;;;;;;;;;;;;;
;;;;;;;;;;;;;;;;;;;;;;;;;;;;;;;;;;;;;
;;;;;;;;;;;;;;;;;;;;;;;;;;;;;;;;;;;;;
;;;;;;;;;;;;;;;;;;;;;;;;;;;;;;;;;;;;;
;;;;;;;;;;;;;;;;;;;;;;;;;;;;;;;;;;;;;
;;;;;;;;;;;;;;;;;;;;;;;;;;;;;;;;;;;;;
;;;;;;;;;;;;;;;;;;;;;;;;;;;;;;;;;;;;;
;;;;;;;;;;;;;;;;;;;;;;;;;;;;;;;;;;;;;
;;;;;;;;;;;;;;;;;;;;;;;;;;;;;;;;;;;;;
;;;;;;;;;;;;;;;;;;;;;;;;;;;;;;;;;;;;;
;;;;;;;;;;;;;;;;;;;;;;;;;;;;;;;;;;;;;
;;;;;;;;;;;;;;;;;;;;;;;;;;;;;;;;;;;;;
;;;;;;;;;;;;;;;;;;;;;;;;;;;;;;;;;;;;;
;;;;;;;;;;;;;;;;;;;;;;;;;;;;;;;;;;;;;
;;;;;;;;;;;;;;;;;;;;;;;;;;;;;;;;;;;;;
;;;;;;;;;;;;;;;;;;;;;;;;;;;;;;;;;;;;;
;;;;;;;;;;;;;;;;;;;;;;;;;;;;;;;;;;;;;
;;;;;;;;;;;;;;;;;;;;;;;;;;;;;;;;;;;;;
;;;;;;;;;;;;;;;;;;;;;;;;;;;;;;;;;;;;;
;;;;;;;;;;;;;;;;;;;;;;;;;;;;;;;;;;;;;
;;;;;;;;;;;;;;;;;;;;;;;;;;;;;;;;;;;;;
;;;;;;;;;;;;;;;;;;;;;;;;;;;;;;;;;;;;;
;;;;;;;;;;;;;;;;;;;;;;;;;;;;;;;;;;;;;
;;;;;;;;;;;;;;;;;;;;;;;;;;;;;;;;;;;;;
;;;;;;;;;;;;;;;;;;;;;;;;;;;;;;;;;;;;;
;;;;;;;;;;;;;;;;;;;;;;;;;;;;;;;;;;;;;
;;;;;;;;;;;;;;;;;;;;;;;;;;;;;;;;;;;;;
;;;;;;;;;;;;;;;;;;;;;;;;;;;;;;;;;;;;;
;;;;;;;;;;;;;;;;;;;;;;;;;;;;;;;;;;;;;
;;;;;;;;;;;;;;;;;;;;;;;;;;;;;;;;;;;;;
;;;;;;;;;;;;;;;;;;;;;;;;;;;;;;;;;;;;;
;;;;;;;;;;;;;;;;;;;;;;;;;;;;;;;;;;;;;
;;;;;;;;;;;;;;;;;;;;;;;;;;;;;;;;;;;;;
;;;;;;;;;;;;;;;;;;;;;;;;;;;;;;;;;;;;;
;;;;;;;;;;;;;;;;;;;;;;;;;;;;;;;;;;;;;
;;;;;;;;;;;;;;;;;;;;;;;;;;;;;;;;;;;;;
;;;;;;;;;;;;;;;;;;;;;;;;;;;;;;;;;;;;;
;;;;;;;;;;;;;;;;;;;;;;;;;;;;;;;;;;;;;
;;;;;;;;;;;;;;;;;;;;;;;;;;;;;;;;;;;;;
;;;;;;;;;;;;;;;;;;;;;;;;;;;;;;;;;;;;;
;;;;;;;;;;;;;;;;;;;;;;;;;;;;;;;;;;;;;
;;;;;;;;;;;;;;;;;;;;;;;;;;;;;;;;;;;;;
;;;;;;;;;;;;;;;;;;;;;;;;;;;;;;;;;;;;;
;;;;;;;;;;;;;;;;;;;;;;;;;;;;;;;;;;;;;
;;;;;;;;;;;;;;;;;;;;;;;;;;;;;;;;;;;;;
;;;;;;;;;;;;;;;;;;;;;;;;;;;;;;;;;;;;;
;;;;;;;;;;;;;;;;;;;;;;;;;;;;;;;;;;;;;
;;;;;;;;;;;;;;;;;;;;;;;;;;;;;;;;;;;;;
;;;;;;;;;;;;;;;;;;;;;;;;;;;;;;;;;;;;;
;;;;;;;;;;;;;;;;;;;;;;;;;;;;;;;;;;;;;
;;;;;;;;;;;;;;;;;;;;;;;;;;;;;;;;;;;;;
;;;;;;;;;;;;;;;;;;;;;;;;;;;;;;;;;;;;;
;;;;;;;;;;;;;;;;;;;;;;;;;;;;;;;;;;;;;
;;;;;;;;;;;;;;;;;;;;;;;;;;;;;;;;;;;;;
;;;;;;;;;;;;;;;;;;;;;;;;;;;;;;;;;;;;;
;;;;;;;;;;;;;;;;;;;;;;;;;;;;;;;;;;;;;
;;;;;;;;;;;;;;;;;;;;;;;;;;;;;;;;;;;;;
;;;;;;;;;;;;;;;;;;;;;;;;;;;;;;;;;;;;;
;;;;;;;;;;;;;;;;;;;;;;;;;;;;;;;;;;;;;
;;;;;;;;;;;;;;;;;;;;;;;;;;;;;;;;;;;;;
;;;;;;;;;;;;;;;;;;;;;;;;;;;;;;;;;;;;;
;;;;;;;;;;;;;;;;;;;;;;;;;;;;;;;;;;;;;
;;;;;;;;;;;;;;;;;;;;;;;;;;;;;;;;;;;;;
;;;;;;;;;;;;;;;;;;;;;;;;;;;;;;;;;;;;;
;;;;;;;;;;;;;;;;;;;;;;;;;;;;;;;;;;;;;
;;;;;;;;;;;;;;;;;;;;;;;;;;;;;;;;;;;;;
;;;;;;;;;;;;;;;;;;;;;;;;;;;;;;;;;;;;;
;;;;;;;;;;;;;;;;;;;;;;;;;;;;;;;;;;;;;
;;;;;;;;;;;;;;;;;;;;;;;;;;;;;;;;;;;;;
;;;;;;;;;;;;;;;;;;;;;;;;;;;;;;;;;;;;;
;;;;;;;;;;;;;;;;;;;;;;;;;;;;;;;;;;;;;
;;;;;;;;;;;;;;;;;;;;;;;;;;;;;;;;;;;;;
;;;;;;;;;;;;;;;;;;;;;;;;;;;;;;;;;;;;;
;;;;;;;;;;;;;;;;;;;;;;;;;;;;;;;;;;;;;
;;;;;;;;;;;;;;;;;;;;;;;;;;;;;;;;;;;;;
;;;;;;;;;;;;;;;;;;;;;;;;;;;;;;;;;;;;;
;;;;;;;;;;;;;;;;;;;;;;;;;;;;;;;;;;;;;
;;;;;;;;;;;;;;;;;;;;;;;;;;;;;;;;;;;;;
;;;;;;;;;;;;;;;;;;;;;;;;;;;;;;;;;;;;;
;;;;;;;;;;;;;;;;;;;;;;;;;;;;;;;;;;;;;
;;;;;;;;;;;;;;;;;;;;;;;;;;;;;;;;;;;;;
;;;;;;;;;;;;;;;;;;;;;;;;;;;;;;;;;;;;;
;;;;;;;;;;;;;;;;;;;;;;;;;;;;;;;;;;;;;
;;;;;;;;;;;;;;;;;;;;;;;;;;;;;;;;;;;;;
;;;;;;;;;;;;;;;;;;;;;;;;;;;;;;;;;;;;;
;;;;;;;;;;;;;;;;;;;;;;;;;;;;;;;;;;;;;
;;;;;;;;;;;;;;;;;;;;;;;;;;;;;;;;;;;;;
;;;;;;;;;;;;;;;;;;;;;;;;;;;;;;;;;;;;;
;;;;;;;;;;;;;;;;;;;;;;;;;;;;;;;;;;;;;
;;;;;;;;;;;;;;;;;;;;;;;;;;;;;;;;;;;;;
;;;;;;;;;;;;;;;;;;;;;;;;;;;;;;;;;;;;;
;;;;;;;;;;;;;;;;;;;;;;;;;;;;;;;;;;;;;
;;;;;;;;;;;;;;;;;;;;;;;;;;;;;;;;;;;;;
;;;;;;;;;;;;;;;;;;;;;;;;;;;;;;;;;;;;;
;;;;;;;;;;;;;;;;;;;;;;;;;;;;;;;;;;;;;
;;;;;;;;;;;;;;;;;;;;;;;;;;;;;;;;;;;;;
;;;;;;;;;;;;;;;;;;;;;;;;;;;;;;;;;;;;;
;;;;;;;;;;;;;;;;;;;;;;;;;;;;;;;;;;;;;
;;;;;;;;;;;;;;;;;;;;;;;;;;;;;;;;;;;;;
;;;;;;;;;;;;;;;;;;;;;;;;;;;;;;;;;;;;;
;;;;;;;;;;;;;;;;;;;;;;;;;;;;;;;;;;;;;
;;;;;;;;;;;;;;;;;;;;;;;;;;;;;;;;;;;;;
;;;;;;;;;;;;;;;;;;;;;;;;;;;;;;;;;;;;;
;;;;;;;;;;;;;;;;;;;;;;;;;;;;;;;;;;;;;
;;;;;;;;;;;;;;;;;;;;;;;;;;;;;;;;;;;;;
;;;;;;;;;;;;;;;;;;;;;;;;;;;;;;;;;;;;;
;;;;;;;;;;;;;;;;;;;;;;;;;;;;;;;;;;;;;
;;;;;;;;;;;;;;;;;;;;;;;;;;;;;;;;;;;;;
;;;;;;;;;;;;;;;;;;;;;;;;;;;;;;;;;;;;;
;;;;;;;;;;;;;;;;;;;;;;;;;;;;;;;;;;;;;
;;;;;;;;;;;;;;;;;;;;;;;;;;;;;;;;;;;;;
;;;;;;;;;;;;;;;;;;;;;;;;;;;;;;;;;;;;;
;;;;;;;;;;;;;;;;;;;;;;;;;;;;;;;;;;;;;
;;;;;;;;;;;;;;;;;;;;;;;;;;;;;;;;;;;;;
;;;;;;;;;;;;;;;;;;;;;;;;;;;;;;;;;;;;;
;;;;;;;;;;;;;;;;;;;;;;;;;;;;;;;;;;;;;
;;;;;;;;;;;;;;;;;;;;;;;;;;;;;;;;;;;;;
;;;;;;;;;;;;;;;;;;;;;;;;;;;;;;;;;;;;;
;;;;;;;;;;;;;;;;;;;;;;;;;;;;;;;;;;;;;
;;;;;;;;;;;;;;;;;;;;;;;;;;;;;;;;;;;;;
;;;;;;;;;;;;;;;;;;;;;;;;;;;;;;;;;;;;;
;;;;;;;;;;;;;;;;;;;;;;;;;;;;;;;;;;;;;
;;;;;;;;;;;;;;;;;;;;;;;;;;;;;;;;;;;;;
;;;;;;;;;;;;;;;;;;;;;;;;;;;;;;;;;;;;;
;;;;;;;;;;;;;;;;;;;;;;;;;;;;;;;;;;;;;
;;;;;;;;;;;;;;;;;;;;;;;;;;;;;;;;;;;;;
;;;;;;;;;;;;;;;;;;;;;;;;;;;;;;;;;;;;;
;;;;;;;;;;;;;;;;;;;;;;;;;;;;;;;;;;;;;
;;;;;;;;;;;;;;;;;;;;;;;;;;;;;;;;;;;;;
;;;;;;;;;;;;;;;;;;;;;;;;;;;;;;;;;;;;;
;;;;;;;;;;;;;;;;;;;;;;;;;;;;;;;;;;;;;
;;;;;;;;;;;;;;;;;;;;;;;;;;;;;;;;;;;;;
;;;;;;;;;;;;;;;;;;;;;;;;;;;;;;;;;;;;;
;;;;;;;;;;;;;;;;;;;;;;;;;;;;;;;;;;;;;
;;;;;;;;;;;;;;;;;;;;;;;;;;;;;;;;;;;;;
;;;;;;;;;;;;;;;;;;;;;;;;;;;;;;;;;;;;;
;;;;;;;;;;;;;;;;;;;;;;;;;;;;;;;;;;;;;
;;;;;;;;;;;;;;;;;;;;;;;;;;;;;;;;;;;;;
;;;;;;;;;;;;;;;;;;;;;;;;;;;;;;;;;;;;;
;;;;;;;;;;;;;;;;;;;;;;;;;;;;;;;;;;;;;
;;;;;;;;;;;;;;;;;;;;;;;;;;;;;;;;;;;;;
;;;;;;;;;;;;;;;;;;;;;;;;;;;;;;;;;;;;;
;;;;;;;;;;;;;;;;;;;;;;;;;;;;;;;;;;;;;
;;;;;;;;;;;;;;;;;;;;;;;;;;;;;;;;;;;;;
;;;;;;;;;;;;;;;;;;;;;;;;;;;;;;;;;;;;;
;;;;;;;;;;;;;;;;;;;;;;;;;;;;;;;;;;;;;
;;;;;;;;;;;;;;;;;;;;;;;;;;;;;;;;;;;;;
;;;;;;;;;;;;;;;;;;;;;;;;;;;;;;;;;;;;;
;;;;;;;;;;;;;;;;;;;;;;;;;;;;;;;;;;;;;
;;;;;;;;;;;;;;;;;;;;;;;;;;;;;;;;;;;;;
;;;;;;;;;;;;;;;;;;;;;;;;;;;;;;;;;;;;;
;;;;;;;;;;;;;;;;;;;;;;;;;;;;;;;;;;;;;
;;;;;;;;;;;;;;;;;;;;;;;;;;;;;;;;;;;;;
;;;;;;;;;;;;;;;;;;;;;;;;;;;;;;;;;;;;;
;;;;;;;;;;;;;;;;;;;;;;;;;;;;;;;;;;;;;
;;;;;;;;;;;;;;;;;;;;;;;;;;;;;;;;;;;;;
;;;;;;;;;;;;;;;;;;;;;;;;;;;;;;;;;;;;;
;;;;;;;;;;;;;;;;;;;;;;;;;;;;;;;;;;;;;
;;;;;;;;;;;;;;;;;;;;;;;;;;;;;;;;;;;;;
;;;;;;;;;;;;;;;;;;;;;;;;;;;;;;;;;;;;;
;;;;;;;;;;;;;;;;;;;;;;;;;;;;;;;;;;;;;
;;;;;;;;;;;;;;;;;;;;;;;;;;;;;;;;;;;;;
;;;;;;;;;;;;;;;;;;;;;;;;;;;;;;;;;;;;;
;;;;;;;;;;;;;;;;;;;;;;;;;;;;;;;;;;;;;
;;;;;;;;;;;;;;;;;;;;;;;;;;;;;;;;;;;;;
;;;;;;;;;;;;;;;;;;;;;;;;;;;;;;;;;;;;;
;;;;;;;;;;;;;;;;;;;;;;;;;;;;;;;;;;;;;
;;;;;;;;;;;;;;;;;;;;;;;;;;;;;;;;;;;;;
;;;;;;;;;;;;;;;;;;;;;;;;;;;;;;;;;;;;;
;;;;;;;;;;;;;;;;;;;;;;;;;;;;;;;;;;;;;
;;;;;;;;;;;;;;;;;;;;;;;;;;;;;;;;;;;;;
;;;;;;;;;;;;;;;;;;;;;;;;;;;;;;;;;;;;;
;;;;;;;;;;;;;;;;;;;;;;;;;;;;;;;;;;;;;
;;;;;;;;;;;;;;;;;;;;;;;;;;;;;;;;;;;;;
;;;;;;;;;;;;;;;;;;;;;;;;;;;;;;;;;;;;;
;;;;;;;;;;;;;;;;;;;;;;;;;;;;;;;;;;;;;
;;;;;;;;;;;;;;;;;;;;;;;;;;;;;;;;;;;;;
;;;;;;;;;;;;;;;;;;;;;;;;;;;;;;;;;;;;;
;;;;;;;;;;;;;;;;;;;;;;;;;;;;;;;;;;;;;
;;;;;;;;;;;;;;;;;;;;;;;;;;;;;;;;;;;;;
;;;;;;;;;;;;;;;;;;;;;;;;;;;;;;;;;;;;;
;;;;;;;;;;;;;;;;;;;;;;;;;;;;;;;;;;;;;
;;;;;;;;;;;;;;;;;;;;;;;;;;;;;;;;;;;;;
;;;;;;;;;;;;;;;;;;;;;;;;;;;;;;;;;;;;;
;;;;;;;;;;;;;;;;;;;;;;;;;;;;;;;;;;;;;
;;;;;;;;;;;;;;;;;;;;;;;;;;;;;;;;;;;;;
;;;;;;;;;;;;;;;;;;;;;;;;;;;;;;;;;;;;;
;;;;;;;;;;;;;;;;;;;;;;;;;;;;;;;;;;;;;
;;;;;;;;;;;;;;;;;;;;;;;;;;;;;;;;;;;;;
;;;;;;;;;;;;;;;;;;;;;;;;;;;;;;;;;;;;;
;;;;;;;;;;;;;;;;;;;;;;;;;;;;;;;;;;;;;
;;;;;;;;;;;;;;;;;;;;;;;;;;;;;;;;;;;;;
;;;;;;;;;;;;;;;;;;;;;;;;;;;;;;;;;;;;;
;;;;;;;;;;;;;;;;;;;;;;;;;;;;;;;;;;;;;
;;;;;;;;;;;;;;;;;;;;;;;;;;;;;;;;;;;;;
;;;;;;;;;;;;;;;;;;;;;;;;;;;;;;;;;;;;;
;;;;;;;;;;;;;;;;;;;;;;;;;;;;;;;;;;;;;
;;;;;;;;;;;;;;;;;;;;;;;;;;;;;;;;;;;;;
;;;;;;;;;;;;;;;;;;;;;;;;;;;;;;;;;;;;;
;;;;;;;;;;;;;;;;;;;;;;;;;;;;;;;;;;;;;
;;;;;;;;;;;;;;;;;;;;;;;;;;;;;;;;;;;;;
;;;;;;;;;;;;;;;;;;;;;;;;;;;;;;;;;;;;;
;;;;;;;;;;;;;;;;;;;;;;;;;;;;;;;;;;;;;
;;;;;;;;;;;;;;;;;;;;;;;;;;;;;;;;;;;;;
;;;;;;;;;;;;;;;;;;;;;;;;;;;;;;;;;;;;;
;;;;;;;;;;;;;;;;;;;;;;;;;;;;;;;;;;;;;
;;;;;;;;;;;;;;;;;;;;;;;;;;;;;;;;;;;;;
;;;;;;;;;;;;;;;;;;;;;;;;;;;;;;;;;;;;;
;;;;;;;;;;;;;;;;;;;;;;;;;;;;;;;;;;;;;
;;;;;;;;;;;;;;;;;;;;;;;;;;;;;;;;;;;;;
;;;;;;;;;;;;;;;;;;;;;;;;;;;;;;;;;;;;;
;;;;;;;;;;;;;;;;;;;;;;;;;;;;;;;;;;;;;
;;;;;;;;;;;;;;;;;;;;;;;;;;;;;;;;;;;;;
;;;;;;;;;;;;;;;;;;;;;;;;;;;;;;;;;;;;;
;;;;;;;;;;;;;;;;;;;;;;;;;;;;;;;;;;;;;
;;;;;;;;;;;;;;;;;;;;;;;;;;;;;;;;;;;;;
;;;;;;;;;;;;;;;;;;;;;;;;;;;;;;;;;;;;;
;;;;;;;;;;;;;;;;;;;;;;;;;;;;;;;;;;;;;
;;;;;;;;;;;;;;;;;;;;;;;;;;;;;;;;;;;;;
;;;;;;;;;;;;;;;;;;;;;;;;;;;;;;;;;;;;;
;;;;;;;;;;;;;;;;;;;;;;;;;;;;;;;;;;;;;
;;;;;;;;;;;;;;;;;;;;;;;;;;;;;;;;;;;;;
;;;;;;;;;;;;;;;;;;;;;;;;;;;;;;;;;;;;;
;;;;;;;;;;;;;;;;;;;;;;;;;;;;;;;;;;;;;
;;;;;;;;;;;;;;;;;;;;;;;;;;;;;;;;;;;;;
;;;;;;;;;;;;;;;;;;;;;;;;;;;;;;;;;;;;;
;;;;;;;;;;;;;;;;;;;;;;;;;;;;;;;;;;;;;
;;;;;;;;;;;;;;;;;;;;;;;;;;;;;;;;;;;;;
;;;;;;;;;;;;;;;;;;;;;;;;;;;;;;;;;;;;;
;;;;;;;;;;;;;;;;;;;;;;;;;;;;;;;;;;;;;
;;;;;;;;;;;;;;;;;;;;;;;;;;;;;;;;;;;;;
;;;;;;;;;;;;;;;;;;;;;;;;;;;;;;;;;;;;;
;;;;;;;;;;;;;;;;;;;;;;;;;;;;;;;;;;;;;
;;;;;;;;;;;;;;;;;;;;;;;;;;;;;;;;;;;;;
;;;;;;;;;;;;;;;;;;;;;;;;;;;;;;;;;;;;;
;;;;;;;;;;;;;;;;;;;;;;;;;;;;;;;;;;;;;
;;;;;;;;;;;;;;;;;;;;;;;;;;;;;;;;;;;;;
;;;;;;;;;;;;;;;;;;;;;;;;;;;;;;;;;;;;;
;;;;;;;;;;;;;;;;;;;;;;;;;;;;;;;;;;;;;
;;;;;;;;;;;;;;;;;;;;;;;;;;;;;;;;;;;;;
;;;;;;;;;;;;;;;;;;;;;;;;;;;;;;;;;;;;;
;;;;;;;;;;;;;;;;;;;;;;;;;;;;;;;;;;;;;
;;;;;;;;;;;;;;;;;;;;;;;;;;;;;;;;;;;;;
;;;;;;;;;;;;;;;;;;;;;;;;;;;;;;;;;;;;;
;;;;;;;;;;;;;;;;;;;;;;;;;;;;;;;;;;;;;
;;;;;;;;;;;;;;;;;;;;;;;;;;;;;;;;;;;;;
;;;;;;;;;;;;;;;;;;;;;;;;;;;;;;;;;;;;;
;;;;;;;;;;;;;;;;;;;;;;;;;;;;;;;;;;;;;
;;;;;;;;;;;;;;;;;;;;;;;;;;;;;;;;;;;;;
;;;;;;;;;;;;;;;;;;;;;;;;;;;;;;;;;;;;;
;;;;;;;;;;;;;;;;;;;;;;;;;;;;;;;;;;;;;
;;;;;;;;;;;;;;;;;;;;;;;;;;;;;;;;;;;;;
;;;;;;;;;;;;;;;;;;;;;;;;;;;;;;;;;;;;;
;;;;;;;;;;;;;;;;;;;;;;;;;;;;;;;;;;;;;
;;;;;;;;;;;;;;;;;;;;;;;;;;;;;;;;;;;;;
;;;;;;;;;;;;;;;;;;;;;;;;;;;;;;;;;;;;;
;;;;;;;;;;;;;;;;;;;;;;;;;;;;;;;;;;;;;
;;;;;;;;;;;;;;;;;;;;;;;;;;;;;;;;;;;;;
;;;;;;;;;;;;;;;;;;;;;;;;;;;;;;;;;;;;;
;;;;;;;;;;;;;;;;;;;;;;;;;;;;;;;;;;;;;
;;;;;;;;;;;;;;;;;;;;;;;;;;;;;;;;;;;;;
;;;;;;;;;;;;;;;;;;;;;;;;;;;;;;;;;;;;;
;;;;;;;;;;;;;;;;;;;;;;;;;;;;;;;;;;;;;
;;;;;;;;;;;;;;;;;;;;;;;;;;;;;;;;;;;;;
;;;;;;;;;;;;;;;;;;;;;;;;;;;;;;;;;;;;;
;;;;;;;;;;;;;;;;;;;;;;;;;;;;;;;;;;;;;
;;;;;;;;;;;;;;;;;;;;;;;;;;;;;;;;;;;;;
;;;;;;;;;;;;;;;;;;;;;;;;;;;;;;;;;;;;;
;;;;;;;;;;;;;;;;;;;;;;;;;;;;;;;;;;;;;
;;;;;;;;;;;;;;;;;;;;;;;;;;;;;;;;;;;;;
;;;;;;;;;;;;;;;;;;;;;;;;;;;;;;;;;;;;;
;;;;;;;;;;;;;;;;;;;;;;;;;;;;;;;;;;;;;
;;;;;;;;;;;;;;;;;;;;;;;;;;;;;;;;;;;;;
;;;;;;;;;;;;;;;;;;;;;;;;;;;;;;;;;;;;;
;;;;;;;;;;;;;;;;;;;;;;;;;;;;;;;;;;;;;
;;;;;;;;;;;;;;;;;;;;;;;;;;;;;;;;;;;;;
;;;;;;;;;;;;;;;;;;;;;;;;;;;;;;;;;;;;;
;;;;;;;;;;;;;;;;;;;;;;;;;;;;;;;;;;;;;
;;;;;;;;;;;;;;;;;;;;;;;;;;;;;;;;;;;;;
;;;;;;;;;;;;;;;;;;;;;;;;;;;;;;;;;;;;;
;;;;;;;;;;;;;;;;;;;;;;;;;;;;;;;;;;;;;
;;;;;;;;;;;;;;;;;;;;;;;;;;;;;;;;;;;;;
;;;;;;;;;;;;;;;;;;;;;;;;;;;;;;;;;;;;;
;;;;;;;;;;;;;;;;;;;;;;;;;;;;;;;;;;;;;
;;;;;;;;;;;;;;;;;;;;;;;;;;;;;;;;;;;;;
;;;;;;;;;;;;;;;;;;;;;;;;;;;;;;;;;;;;;
;;;;;;;;;;;;;;;;;;;;;;;;;;;;;;;;;;;;;
;;;;;;;;;;;;;;;;;;;;;;;;;;;;;;;;;;;;;
;;;;;;;;;;;;;;;;;;;;;;;;;;;;;;;;;;;;;
;;;;;;;;;;;;;;;;;;;;;;;;;;;;;;;;;;;;;
;;;;;;;;;;;;;;;;;;;;;;;;;;;;;;;;;;;;;
;;;;;;;;;;;;;;;;;;;;;;;;;;;;;;;;;;;;;
;;;;;;;;;;;;;;;;;;;;;;;;;;;;;;;;;;;;;
;;;;;;;;;;;;;;;;;;;;;;;;;;;;;;;;;;;;;
;;;;;;;;;;;;;;;;;;;;;;;;;;;;;;;;;;;;;
;;;;;;;;;;;;;;;;;;;;;;;;;;;;;;;;;;;;;
;;;;;;;;;;;;;;;;;;;;;;;;;;;;;;;;;;;;;
;;;;;;;;;;;;;;;;;;;;;;;;;;;;;;;;;;;;;
;;;;;;;;;;;;;;;;;;;;;;;;;;;;;;;;;;;;;
;;;;;;;;;;;;;;;;;;;;;;;;;;;;;;;;;;;;;
;;;;;;;;;;;;;;;;;;;;;;;;;;;;;;;;;;;;;
;;;;;;;;;;;;;;;;;;;;;;;;;;;;;;;;;;;;;
;;;;;;;;;;;;;;;;;;;;;;;;;;;;;;;;;;;;;
;;;;;;;;;;;;;;;;;;;;;;;;;;;;;;;;;;;;;
;;;;;;;;;;;;;;;;;;;;;;;;;;;;;;;;;;;;;
;;;;;;;;;;;;;;;;;;;;;;;;;;;;;;;;;;;;;
;;;;;;;;;;;;;;;;;;;;;;;;;;;;;;;;;;;;;
;;;;;;;;;;;;;;;;;;;;;;;;;;;;;;;;;;;;;
;;;;;;;;;;;;;;;;;;;;;;;;;;;;;;;;;;;;;
;;;;;;;;;;;;;;;;;;;;;;;;;;;;;;;;;;;;;
;;;;;;;;;;;;;;;;;;;;;;;;;;;;;;;;;;;;;
;;;;;;;;;;;;;;;;;;;;;;;;;;;;;;;;;;;;;
;;;;;;;;;;;;;;;;;;;;;;;;;;;;;;;;;;;;;
;;;;;;;;;;;;;;;;;;;;;;;;;;;;;;;;;;;;;
;;;;;;;;;;;;;;;;;;;;;;;;;;;;;;;;;;;;;
;;;;;;;;;;;;;;;;;;;;;;;;;;;;;;;;;;;;;
;;;;;;;;;;;;;;;;;;;;;;;;;;;;;;;;;;;;;
;;;;;;;;;;;;;;;;;;;;;;;;;;;;;;;;;;;;;
;;;;;;;;;;;;;;;;;;;;;;;;;;;;;;;;;;;;;
;;;;;;;;;;;;;;;;;;;;;;;;;;;;;;;;;;;;;
;;;;;;;;;;;;;;;;;;;;;;;;;;;;;;;;;;;;;
;;;;;;;;;;;;;;;;;;;;;;;;;;;;;;;;;;;;;
;;;;;;;;;;;;;;;;;;;;;;;;;;;;;;;;;;;;;
;;;;;;;;;;;;;;;;;;;;;;;;;;;;;;;;;;;;;
;;;;;;;;;;;;;;;;;;;;;;;;;;;;;;;;;;;;;
;;;;;;;;;;;;;;;;;;;;;;;;;;;;;;;;;;;;;
;;;;;;;;;;;;;;;;;;;;;;;;;;;;;;;;;;;;;
;;;;;;;;;;;;;;;;;;;;;;;;;;;;;;;;;;;;;
;;;;;;;;;;;;;;;;;;;;;;;;;;;;;;;;;;;;;
;;;;;;;;;;;;;;;;;;;;;;;;;;;;;;;;;;;;;
;;;;;;;;;;;;;;;;;;;;;;;;;;;;;;;;;;;;;
;;;;;;;;;;;;;;;;;;;;;;;;;;;;;;;;;;;;;
;;;;;;;;;;;;;;;;;;;;;;;;;;;;;;;;;;;;;
;;;;;;;;;;;;;;;;;;;;;;;;;;;;;;;;;;;;;
;;;;;;;;;;;;;;;;;;;;;;;;;;;;;;;;;;;;;
;;;;;;;;;;;;;;;;;;;;;;;;;;;;;;;;;;;;;
;;;;;;;;;;;;;;;;;;;;;;;;;;;;;;;;;;;;;
;;;;;;;;;;;;;;;;;;;;;;;;;;;;;;;;;;;;;
;;;;;;;;;;;;;;;;;;;;;;;;;;;;;;;;;;;;;
;;;;;;;;;;;;;;;;;;;;;;;;;;;;;;;;;;;;;
;;;;;;;;;;;;;;;;;;;;;;;;;;;;;;;;;;;;;
;;;;;;;;;;;;;;;;;;;;;;;;;;;;;;;;;;;;;
;;;;;;;;;;;;;;;;;;;;;;;;;;;;;;;;;;;;;
;;;;;;;;;;;;;;;;;;;;;;;;;;;;;;;;;;;;;
;;;;;;;;;;;;;;;;;;;;;;;;;;;;;;;;;;;;;
;;;;;;;;;;;;;;;;;;;;;;;;;;;;;;;;;;;;;
;;;;;;;;;;;;;;;;;;;;;;;;;;;;;;;;;;;;;
;;;;;;;;;;;;;;;;;;;;;;;;;;;;;;;;;;;;;
;;;;;;;;;;;;;;;;;;;;;;;;;;;;;;;;;;;;;
;;;;;;;;;;;;;;;;;;;;;;;;;;;;;;;;;;;;;
;;;;;;;;;;;;;;;;;;;;;;;;;;;;;;;;;;;;;
;;;;;;;;;;;;;;;;;;;;;;;;;;;;;;;;;;;;;
;;;;;;;;;;;;;;;;;;;;;;;;;;;;;;;;;;;;;
;;;;;;;;;;;;;;;;;;;;;;;;;;;;;;;;;;;;;
;;;;;;;;;;;;;;;;;;;;;;;;;;;;;;;;;;;;;
;;;;;;;;;;;;;;;;;;;;;;;;;;;;;;;;;;;;;
;;;;;;;;;;;;;;;;;;;;;;;;;;;;;;;;;;;;;
;;;;;;;;;;;;;;;;;;;;;;;;;;;;;;;;;;;;;
;;;;;;;;;;;;;;;;;;;;;;;;;;;;;;;;;;;;;
;;;;;;;;;;;;;;;;;;;;;;;;;;;;;;;;;;;;;
;;;;;;;;;;;;;;;;;;;;;;;;;;;;;;;;;;;;;
;;;;;;;;;;;;;;;;;;;;;;;;;;;;;;;;;;;;;
;;;;;;;;;;;;;;;;;;;;;;;;;;;;;;;;;;;;;
;;;;;;;;;;;;;;;;;;;;;;;;;;;;;;;;;;;;;
;;;;;;;;;;;;;;;;;;;;;;;;;;;;;;;;;;;;;
;;;;;;;;;;;;;;;;;;;;;;;;;;;;;;;;;;;;;
;;;;;;;;;;;;;;;;;;;;;;;;;;;;;;;;;;;;;
;;;;;;;;;;;;;;;;;;;;;;;;;;;;;;;;;;;;;
;;;;;;;;;;;;;;;;;;;;;;;;;;;;;;;;;;;;;
;;;;;;;;;;;;;;;;;;;;;;;;;;;;;;;;;;;;;
;;;;;;;;;;;;;;;;;;;;;;;;;;;;;;;;;;;;;
;;;;;;;;;;;;;;;;;;;;;;;;;;;;;;;;;;;;;
;;;;;;;;;;;;;;;;;;;;;;;;;;;;;;;;;;;;;
;;;;;;;;;;;;;;;;;;;;;;;;;;;;;;;;;;;;;
;;;;;;;;;;;;;;;;;;;;;;;;;;;;;;;;;;;;;
;;;;;;;;;;;;;;;;;;;;;;;;;;;;;;;;;;;;;
;;;;;;;;;;;;;;;;;;;;;;;;;;;;;;;;;;;;;
;;;;;;;;;;;;;;;;;;;;;;;;;;;;;;;;;;;;;
;;;;;;;;;;;;;;;;;;;;;;;;;;;;;;;;;;;;;
;;;;;;;;;;;;;;;;;;;;;;;;;;;;;;;;;;;;;
;;;;;;;;;;;;;;;;;;;;;;;;;;;;;;;;;;;;;
;;;;;;;;;;;;;;;;;;;;;;;;;;;;;;;;;;;;;
;;;;;;;;;;;;;;;;;;;;;;;;;;;;;;;;;;;;;
;;;;;;;;;;;;;;;;;;;;;;;;;;;;;;;;;;;;;
;;;;;;;;;;;;;;;;;;;;;;;;;;;;;;;;;;;;;
;;;;;;;;;;;;;;;;;;;;;;;;;;;;;;;;;;;;;
;;;;;;;;;;;;;;;;;;;;;;;;;;;;;;;;;;;;;
;;;;;;;;;;;;;;;;;;;;;;;;;;;;;;;;;;;;;
;;;;;;;;;;;;;;;;;;;;;;;;;;;;;;;;;;;;;
;;;;;;;;;;;;;;;;;;;;;;;;;;;;;;;;;;;;;